schoolindex,school,y9,y10,y11,y12,y13,y14,y15,y16,y17,index
1,가톨릭대,0,0,1,0,0,0,0,0,0,1
1,강원대,2,5,3,7,4,3,3,4,0,2
1,건국대,0,1,2,1,3,5,3,2,0,3
1,경북대,1,0,0,0,0,0,1,0,0,4
1,경찰대,0,0,0,0,0,2,0,0,0,5
1,경희대,0,0,1,4,2,1,2,3,0,6
1,고려대,8,6,6,4,5,5,9,1,0,7
1,광운대,0,0,0,0,0,1,0,0,0,8
1,국민대,1,2,1,0,1,0,0,0,0,9
1,동국대,1,0,0,0,1,0,0,1,0,10
1,동덕여대,0,0,0,0,0,0,0,1,0,11
1,동아대,1,0,0,0,0,0,0,0,0,12
1,명지대,1,0,1,0,0,0,0,1,0,13
1,부산대,0,0,0,0,0,0,1,0,0,14
1,서강대,0,1,1,2,0,0,0,2,0,15
1,서울교대,0,1,0,0,0,0,0,0,0,16
1,서울대,10,5,3,7,1,5,3,3,0,17
1,서울시립대,2,1,0,4,2,0,3,4,0,18
1,성균관대,3,1,2,2,6,4,0,0,0,19
1,성신여대,0,0,0,1,1,1,1,2,0,20
1,세종대,0,0,1,0,0,0,1,0,0,21
1,숙명여대,0,2,3,0,2,0,1,0,0,22
1,숭실대,0,0,0,0,0,0,0,1,0,23
1,연세대,4,5,6,3,4,2,1,3,0,24
1,이화여대,4,3,6,3,3,6,3,2,0,25
1,인천대,0,0,1,1,0,0,0,1,0,26
1,인하대,0,0,0,0,0,0,0,0,0,27
1,전남대,0,0,0,0,0,1,0,0,0,28
1,조선대,0,0,0,0,0,0,0,1,0,29
1,중앙대,0,2,1,0,1,1,0,2,0,30
1,충남대,0,0,0,0,1,0,0,0,0,31
1,포항공대,0,1,0,0,0,0,0,0,0,32
1,학점은행,0,0,0,0,0,0,1,0,0,33
1,한국외대,2,2,1,0,1,1,3,3,0,34
1,한동대,0,0,0,1,1,0,0,0,0,35
1,한림대,0,0,0,0,0,0,1,0,0,36
1,한양대,0,3,1,2,3,1,2,5,0,37
1,홍익대,0,0,0,1,0,0,1,1,0,38
1,해외대,0,0,0,0,0,1,0,0,0,39
1,가톨릭대,0,0,0,0,0,0,0,0,2,41
1,강원대,0,0,0,0,0,0,0,0,2,42
1,건국대,0,0,0,0,0,0,0,0,3,43
1,경희대,0,0,0,0,0,0,0,0,6,44
1,고려대,0,0,0,0,0,0,0,0,3,45
1,광운대,0,0,0,0,0,0,0,0,1,46
1,동국대,0,0,0,0,0,0,0,0,2,47
1,명지대,0,0,0,0,0,0,0,0,1,48
1,부산외대,0,0,0,0,0,0,0,0,1,49
1,서울대,0,0,0,0,0,0,0,0,1,50
1,성균관대,0,0,0,0,0,0,0,0,3,51
1,성신여대,0,0,0,0,0,0,0,0,1,52
1,세종대,0,0,0,0,0,0,0,0,1,53
1,숙명여대,0,0,0,0,0,0,0,0,2,54
1,연세대,0,0,0,0,0,0,0,0,6,55
1,이화여대,0,0,0,0,0,0,0,0,1,56
1,인하대,0,0,0,0,0,0,0,0,1,57
1,전남대,0,0,0,0,0,0,0,0,1,58
1,한동대,0,0,0,0,0,0,0,0,1,59
1,한림대,0,0,0,0,0,0,0,0,2,60
1,한양대,0,0,0,0,0,0,0,0,2,61
1,홍익대,0,0,0,0,0,0,0,0,2,62
2,건국대,2,6,0,2,3,3,9,7,0,63
2,경찰대,0,0,0,0,0,1,0,0,0,64
2,경희대,0,2,0,1,3,0,0,0,0,65
2,고려대,6,6,6,5,12,6,2,2,0,66
2,국민대,0,0,0,0,0,0,0,1,0,67
2,광운대,0,0,0,0,0,1,0,0,0,68
2,대구가톨릭대,0,0,0,0,0,1,0,0,0,69
2,동국대,0,0,0,0,0,0,0,1,0,70
2,부산대,0,0,1,0,0,0,0,0,0,71
2,서강대,1,0,5,0,1,1,3,3,0,72
2,서울대,11,3,3,5,0,8,8,4,0,73
2,서울시립대,0,0,2,1,3,0,0,0,0,74
2,성균관대,0,2,4,5,1,3,1,0,0,75
2,세종대,0,0,0,0,1,0,0,0,0,76
2,숙명여대,1,0,0,2,2,0,2,2,0,77
2,연세대,11,11,10,8,7,6,2,8,0,78
2,이화여대,2,3,2,6,5,4,7,8,0,79
2,인하대,0,1,0,1,0,0,0,0,0,80
2,제주대,0,0,1,0,0,0,0,0,0,81
2,중앙대,1,1,0,1,0,0,0,0,0,82
2,포항공대,0,0,1,0,0,0,0,0,0,83
2,카이스트,0,3,0,0,0,0,0,0,0,84
2,학점은행,0,1,1,0,1,0,0,0,0,85
2,한국교원대,0,0,0,0,1,0,0,0,0,86
2,한국외대,0,0,1,1,0,1,0,1,0,87
2,한동대,0,0,0,0,0,0,2,0,0,88
2,한양대,2,2,3,2,2,1,2,3,0,89
2,홍익대,1,0,1,0,1,0,1,1,0,90
2,해외대,0,0,1,0,0,0,0,0,0,91
2,해외대,0,0,0,0,0,0,0,1,0,92
2,해외대,1,0,0,0,0,0,0,0,0,93
2,해외대,1,0,0,0,0,0,0,0,0,94
2,해외대,0,1,0,0,0,0,0,0,0,95
2,해외대,0,0,1,0,0,0,0,0,0,96
2,해외대,0,0,0,1,0,0,0,0,0,97
2,해외대,0,0,0,1,0,1,0,1,0,98
2,해외대,0,0,0,1,0,0,0,0,0,99
2,해외대,0,0,0,1,0,0,0,0,0,100
2,해외대,0,0,0,0,0,1,0,0,0,101
2,해외대,0,0,0,0,0,1,0,0,0,102
2,해외대,0,0,0,0,0,0,1,0,0,103
2,해외대,0,0,0,0,0,0,1,0,0,104
3,건국대,0,2,2,3,0,1,0,1,0,105
3,경북대,29,27,29,35,23,21,22,20,0,106
3,경상대,1,0,0,0,0,0,0,1,0,107
3,경성대,0,1,0,0,0,0,0,0,0,108
3,경찰대,6,0,0,1,4,10,4,2,0,109
3,경희대,0,0,2,2,3,2,2,2,0,110
3,계명대,0,0,0,2,0,0,1,0,0,111
3,고려대,15,15,10,10,16,13,19,12,0,112
3,대구가룰릭대,0,2,0,0,0,0,1,0,0,113
3,대구교대,0,0,0,0,2,0,0,2,0,114
3,동국대,1,1,1,3,0,2,0,0,0,115
3,명지대,0,0,0,0,1,0,0,0,0,116
3,부경대,1,0,0,0,0,0,0,0,0,117
3,부산대,1,1,2,2,0,0,0,0,0,118
3,상명대,0,0,0,1,0,0,0,0,0,119
3,서강대,0,5,3,1,3,2,3,3,0,120
3,서경대,0,0,0,1,0,0,0,0,0,121
3,서울교대,0,0,1,0,0,0,1,1,0,122
3,서울대,20,16,8,8,7,12,16,13,0,123
3,서울시립대,1,0,2,0,3,5,0,0,0,124
3,성균관대,3,15,9,9,14,8,10,10,0,125
3,숙명여대,0,1,3,2,2,0,0,4,0,126
3,숭실대,0,0,0,0,0,0,0,1,0,127
3,아주대,1,1,0,1,0,1,0,0,0,128
3,연세대,12,10,15,7,8,17,16,21,0,129
3,영남대,0,0,0,1,4,3,0,1,0,130
3,울산과기대,0,0,0,0,0,2,0,0,0,131
3,울산대,1,0,0,0,0,0,0,0,0,132
3,육군사관학교,0,0,0,0,0,0,2,0,0,133
3,원광대,0,1,0,0,0,0,0,0,0,134
3,을지대,0,0,0,0,0,0,1,0,0,135
3,이화여대,8,5,8,4,8,9,6,6,0,136
3,인하대,0,0,0,1,0,0,0,0,0,137
3,전북대,0,0,0,1,0,0,0,0,0,138
3,제주대,0,0,0,1,0,0,0,0,0,139
3,중앙대,1,4,5,3,8,0,3,7,0,140
3,창원대,1,0,0,1,0,0,0,0,0,141
3,청주교대,0,0,0,0,1,0,0,0,0,142
3,충남대,1,1,0,2,1,0,0,0,0,143
3,충북대,0,1,1,0,0,0,0,0,0,144
3,학점은행,0,0,0,1,0,0,0,0,0,145
3,포항공대,1,0,0,0,0,0,1,0,0,146
3,카이스트,1,2,0,0,0,0,1,0,0,147
3,한국교원대,0,1,1,0,0,0,0,0,0,148
3,한국예술종합학교,0,0,0,0,0,1,0,0,0,149
3,한국외대,0,4,4,5,1,3,3,1,0,150
3,한국항공대,1,0,1,1,0,0,0,0,0,151
3,한국해양대,0,0,0,1,0,0,0,0,0,152
3,한동대,2,2,1,2,1,0,3,5,0,153
3,한양대,10,7,9,16,13,9,9,17,0,154
3,홍익대,2,2,3,0,1,0,2,2,0,155
3,해외대,0,0,0,0,0,1,0,0,0,156
3,해외대,0,1,0,0,0,0,0,0,0,157
3,해외대,0,1,0,0,0,0,0,0,0,158
3,해외대,0,1,0,0,0,0,0,0,0,159
3,해외대,0,0,1,0,0,0,0,0,0,160
3,해외대,0,0,0,0,1,0,0,0,0,161
3,해외대,0,0,0,0,0,1,0,0,0,162
4,경북대,0,0,1,0,0,0,0,0,0,163
4,경인교대,0,0,0,0,0,0,0,1,0,164
4,경찰대,0,3,2,1,2,1,3,0,0,165
4,경희대,9,9,11,14,12,14,11,11,0,166
4,고려대,10,15,9,14,6,9,13,8,0,167
4,공군사관학교,0,0,1,0,0,0,0,0,0,168
4,국민대,0,0,0,1,0,1,0,0,0,169
4,덕성여대,0,1,0,0,0,0,0,0,0,170
4,동국대,0,0,0,0,2,0,2,2,0,171
4,부산대,0,0,0,0,0,1,0,0,0,172
4,서강대,0,1,1,3,2,2,2,1,0,173
4,서울교대,0,0,1,0,0,0,0,0,0,174
4,서울대,20,11,11,6,6,8,8,9,0,175
4,서울시립대,0,0,1,0,0,0,0,0,0,176
4,성균관대,3,0,4,2,3,2,1,5,0,177
4,세종대,1,0,0,0,0,0,0,0,0,178
4,숙명여대,0,0,1,1,1,0,2,4,0,179
4,숭실대,0,1,0,0,1,0,0,0,0,180
4,연세대,10,11,6,8,12,8,14,14,0,181
4,이화여대,0,1,3,9,6,6,1,3,0,182
4,인하대,0,0,0,1,0,0,0,0,0,183
4,전북대,1,0,0,0,0,0,0,0,0,184
4,중앙대,0,1,0,0,0,0,0,1,0,185
4,포항공대,1,0,0,0,0,1,0,0,0,186
4,카이스트,1,2,1,0,0,3,0,1,0,187
4,학점은행,0,0,2,0,0,0,0,2,0,188
4,한국외대,1,0,0,0,1,0,1,0,0,189
4,한국항공대,0,0,0,0,0,0,1,0,0,190
4,한동대,0,1,2,2,0,1,0,0,0,191
4,한림대,2,4,4,1,8,4,3,0,0,192
4,한양대,0,0,0,1,1,1,0,1,0,193
4,홍익대,0,0,0,0,0,1,0,3,0,194
4,해외대,1,0,0,0,0,0,0,0,0,195
4,해외대,0,0,1,0,0,0,0,0,0,196
5,경북대,0,0,0,0,1,0,0,0,0,227
5,경찰대,3,3,1,2,1,1,4,1,0,228
5,경희대,0,0,1,0,0,0,0,0,0,229
5,고려대,57,50,60,68,82,55,59,63,0,230
5,부산대,1,0,0,0,0,1,0,0,0,231
5,서강대,0,2,1,0,0,0,1,1,0,232
5,서울대,48,43,37,35,24,43,47,35,0,233
5,성균관대,0,0,0,0,0,1,0,0,0,234
5,연세대,5,9,8,8,7,11,4,6,0,235
5,울산대,0,1,0,0,0,0,0,0,0,236
5,이화여대,1,4,2,1,1,2,2,4,0,237
5,조선대,0,0,0,1,0,0,0,0,0,238
5,포천중문의대,0,1,0,0,0,0,0,0,0,239
5,포항공대,2,2,3,1,2,0,1,0,0,240
5,카이스트,2,6,8,3,5,2,1,7,0,241
5,한국방통대,0,0,0,0,0,0,0,1,0,242
5,학점은행,0,0,0,0,0,0,1,0,0,243
5,한양대,1,2,0,1,1,1,1,3,0,244
5,해외대,1,1,0,0,0,0,0,0,0,245
5,해외대,0,0,0,0,0,1,0,0,0,246
5,해외대,0,0,1,0,0,0,0,0,0,247
5,해외대,0,0,0,1,0,0,0,0,0,248
5,해외대,0,0,0,1,0,0,0,0,0,249
5,해외대,0,0,1,0,0,0,0,0,0,250
5,해외대,0,0,0,1,0,0,0,0,0,251
5,해외대,0,0,0,0,1,0,0,0,0,252
5,해외대,0,0,0,0,0,1,0,0,0,253
5,해외대,0,0,0,0,0,2,0,0,0,254
5,해외대,0,0,0,0,0,1,0,0,0,255
5,해외대,0,0,0,0,0,1,0,0,0,256
5,해외대,0,0,0,0,0,1,0,0,0,257
5,해외대,0,0,0,0,0,1,0,0,0,258
5,해외대,0,0,0,0,0,1,0,0,0,259
5,해외대,0,0,0,0,0,1,0,0,0,260
5,해외대,0,0,0,0,0,0,1,0,0,261
5,해외대,0,0,0,0,0,0,1,0,0,262
5,해외대,0,0,0,0,0,0,1,0,0,263
5,해외대,0,0,0,0,0,0,1,0,0,264
5,해외대,0,0,0,0,0,0,1,0,0,265
5,해외대,0,0,0,0,0,0,0,2,0,266
5,해외대,0,0,0,0,0,0,0,1,0,267
5,해외대,0,0,0,0,0,0,0,1,0,268
5,해외대,0,0,0,0,0,0,0,1,0,269
5,해외대,0,0,0,0,0,0,0,1,0,270
6,영남대,2,0,3,3,1,0,0,0,0,271
6,영산대,1,4,1,1,0,0,1,0,0,272
6,원광대,0,1,0,0,0,0,0,0,0,273
6,이화여대,4,10,5,4,3,2,7,6,0,274
6,인제대,0,0,0,0,0,0,0,1,0,275
6,인천대,1,0,0,0,0,0,0,0,0,276
6,인하대,0,1,0,0,1,0,0,0,0,277
6,전남대,2,0,0,0,0,0,1,0,0,278
6,전북대,0,1,0,0,0,0,0,0,0,279
6,중앙대,0,1,2,0,2,0,1,1,0,280
6,진주교대,0,1,0,0,0,0,0,1,0,281
6,창원대,0,0,0,0,1,0,0,1,0,282
6,충남대,0,0,0,1,0,1,0,0,0,283
6,학점은행,0,0,1,0,0,0,0,1,0,284
5,카이스트,0,0,0,0,0,0,0,0,2,1693
6,한국방통대,0,0,1,0,0,0,0,0,0,286
6,한국사이버대,0,1,1,0,0,0,0,0,0,287
6,한국예술종합학교,0,0,0,0,0,0,1,0,0,288
6,한국외대,4,1,1,3,3,3,1,1,0,289
6,한국항공대,0,0,0,1,0,0,0,0,0,290
6,한국해양대,1,1,0,3,0,0,0,1,0,291
6,한남대,0,0,0,1,0,0,0,0,0,292
6,한동대,2,0,0,1,1,0,0,0,0,293
6,한양대,3,3,6,8,6,11,2,3,0,294
6,홍익대,5,1,0,0,0,0,1,2,0,295
5,해외대,0,0,0,0,0,0,0,0,2,1695
6,정법대,0,0,0,0,0,1,0,0,0,297
5,해외대,0,0,0,0,0,0,0,0,1,1696
6,복단대,0,0,0,0,2,0,0,0,0,299
5,해외대,0,0,0,0,0,0,0,0,1,1697
6,카이스트,0,0,1,0,0,0,1,0,0,285
6,해외대,0,0,0,0,0,0,1,0,0,296
6,해외대,0,0,0,1,0,0,0,0,0,298
6,해외대,0,0,0,0,0,0,0,1,0,300
6,해외대,0,0,0,0,0,0,0,2,0,301
6,해외대,0,1,0,0,0,0,0,0,0,302
6,해외대,0,0,0,1,0,0,0,0,0,303
6,해외대,0,0,1,0,0,0,0,0,0,304
6,해외대,0,1,0,0,0,0,0,0,0,305
6,해외대,0,0,0,1,0,0,0,0,0,306
6,해외대,0,0,0,1,0,0,0,0,0,307
6,해외대,0,0,0,1,1,0,0,0,0,308
6,해외대,0,0,0,1,0,0,0,0,0,309
6,해외대,0,0,1,0,0,0,0,0,0,310
6,해외대,0,0,0,1,0,1,0,0,0,311
6,해외대,0,1,0,0,1,0,0,0,0,312
6,해외대,0,0,0,0,1,0,0,0,0,313
6,해외대,0,0,0,0,1,0,0,0,0,314
6,해외대,0,0,0,0,1,0,0,0,0,315
6,해외대,0,0,0,0,1,0,0,0,0,316
6,해외대,0,0,0,0,0,1,0,0,0,317
6,해외대,0,0,0,0,0,0,1,0,0,318
7,숙명여대,0,0,0,1,0,0,1,0,0,323
7,아주대,0,0,0,0,1,0,0,0,0,324
7,연세대,18,12,21,15,19,17,20,34,0,325
7,영남대,0,0,0,0,0,0,1,0,0,326
7,울산대,1,0,0,0,0,0,0,0,0,327
7,원광대,0,1,1,0,1,0,0,1,0,328
7,이화여대,8,11,8,8,8,12,10,5,0,329
7,인제대,0,1,1,0,0,0,0,0,0,330
7,전남대,0,1,0,0,0,0,0,0,0,331
7,조선대,0,1,0,0,0,0,0,0,0,332
7,중앙대,1,1,1,1,3,1,2,0,0,333
7,청주교대,0,0,0,0,1,0,0,0,0,334
7,충남대,0,0,1,0,0,0,0,0,0,335
7,학점은행,0,0,0,1,1,0,0,0,0,336
7,포항공대,1,0,0,1,1,0,0,0,0,337
6,해외대,0,0,0,0,0,0,1,0,0,319
7,한국교원대,0,0,0,1,0,0,0,0,0,339
7,한국외대,1,2,0,2,0,2,4,1,0,340
7,한국항공대,0,0,0,0,1,0,0,0,0,341
7,한국해양대,1,3,0,3,2,1,2,1,0,342
7,한동대,0,0,1,0,2,3,0,0,0,343
7,한양대,2,3,10,6,7,6,11,9,0,344
6,해외대,0,0,0,0,0,0,0,1,0,320
6,해외대,0,0,0,0,0,0,0,2,0,321
6,해외대,0,0,0,0,0,0,0,1,0,322
6,해외대,0,0,0,0,0,0,0,0,1,1270
6,해외대,0,0,0,0,0,0,0,0,1,1271
6,해외대,0,0,0,0,0,0,0,0,1,1272
7,강원대,0,0,0,0,1,0,0,0,0,351
7,건국대,0,0,0,0,0,1,2,0,0,352
7,경북대,1,0,0,2,0,1,0,0,0,353
7,경찰대,0,0,0,0,0,0,1,1,0,354
7,경희대,0,0,0,1,0,1,1,0,0,355
7,계명대,0,1,0,0,0,0,0,0,0,356
7,고려대,23,19,23,23,18,17,15,16,0,357
7,공주교대,0,0,0,1,0,0,0,0,0,358
7,대구가톨릭대,0,0,0,1,0,0,0,0,0,359
7,동국대,0,0,0,1,0,0,1,2,0,360
7,동아대,1,2,0,0,1,0,1,1,0,361
7,부경대,0,0,1,0,0,2,1,0,0,362
7,부산교대,0,1,0,0,0,0,0,0,0,363
7,부산대,37,40,35,37,34,13,23,24,0,364
7,서강대,2,2,1,1,5,9,4,6,0,365
7,서울대,16,19,13,12,14,26,16,14,0,366
7,서울시립대,0,0,0,2,0,0,0,0,0,367
7,성균관대,6,6,9,6,5,9,9,7,0,368
8,경북대,0,0,0,0,0,1,0,0,0,369
8,경찰대,0,0,0,0,1,0,0,0,0,370
8,경희대,0,0,0,1,2,0,1,0,0,371
8,고려대,6,7,5,12,6,8,8,9,0,372
8,동국대,0,0,0,0,0,1,0,0,0,373
8,서강대,17,9,8,7,7,7,3,4,0,374
8,서울대,10,11,9,5,9,6,12,13,0,375
8,성균관대,1,1,2,0,0,0,1,2,0,376
8,아주대,0,0,0,0,0,0,0,1,0,377
8,연세대,4,12,15,16,15,15,13,10,0,378
8,이화여대,0,0,1,1,1,2,1,2,0,379
6,해외대,0,0,0,0,0,0,0,0,1,1273
8,차의과대학,0,0,0,0,0,0,1,0,0,381
8,한국예술종합학교,0,0,0,0,1,0,0,0,0,382
8,한국외대,0,1,1,0,0,0,0,0,0,383
8,한양대,1,0,1,0,1,0,0,0,0,384
6,해외대,0,0,0,0,0,0,0,0,1,1274
6,해외대,0,0,0,0,0,0,0,0,1,1275
6,해외대,0,0,0,0,0,0,0,0,2,1276
6,해외대,0,0,0,0,0,0,0,0,1,1277
6,해외대,0,0,0,0,0,0,0,0,1,1299
9,가톨릭대,0,0,0,0,0,0,0,1,0,390
9,강원대,0,1,0,0,0,0,0,0,0,391
9,건국대,0,0,0,0,0,0,0,1,0,392
9,경북대,1,0,0,0,0,0,0,0,0,393
9,경찰대,2,1,1,1,1,3,3,3,0,394
9,경희대,0,1,0,0,0,1,0,0,0,395
9,고려대,18,16,21,26,27,16,13,17,0,396
9,공군사관학교,0,0,0,0,1,0,0,0,0,397
9,부산대,1,0,0,0,0,0,0,0,0,398
9,서강대,1,0,0,0,0,1,1,0,0,399
9,서울대,100,99,103,102,102,100,100,99,0,400
9,서울시립대,0,0,0,1,0,0,0,0,0,401
9,성균관대,0,1,0,1,2,1,3,0,0,402
9,숙명여대,0,0,0,0,0,1,0,0,0,403
9,연세대,9,18,15,12,10,16,18,20,0,404
9,육군사관학교,0,0,0,0,1,0,0,0,0,405
9,이화여대,1,1,0,0,1,0,0,2,0,406
9,인하대,0,1,0,0,0,0,0,0,0,407
9,중앙대,0,2,0,0,0,1,0,0,0,408
9,충남대,0,0,0,0,0,0,1,0,0,409
9,충북대,1,0,0,0,0,0,0,0,0,410
9,포항공대,1,2,3,2,2,1,2,0,0,411
7,카이스트,1,1,2,0,1,0,0,1,0,338
9,한국외대,0,0,0,0,0,0,1,0,0,413
9,한양대,0,0,1,0,2,0,2,2,0,414
9,홍익대,1,0,0,0,0,0,0,1,0,415
7,해외대,0,1,0,0,0,0,1,1,0,345
9,동경대,0,0,0,1,0,0,0,0,0,417
7,해외대,0,0,0,0,1,0,0,0,0,346
7,해외대,0,0,0,0,1,0,0,0,0,347
7,해외대,0,0,0,0,0,1,0,0,0,348
7,해외대,0,0,0,0,0,0,1,0,0,349
7,해외대,0,0,0,0,0,0,0,1,0,350
7,해외대,0,0,0,0,0,0,0,0,1,1317
8,카이스트,1,2,0,0,0,1,0,2,0,380
8,해외대,0,0,0,0,0,1,0,0,0,385
8,해외대,0,0,1,0,0,0,0,0,0,386
8,해외대,0,0,0,0,1,0,0,0,0,387
8,해외대,0,0,0,0,0,0,1,0,0,388
8,해외대,0,0,0,0,0,0,0,1,0,389
9,카이스트,8,7,4,4,2,6,6,4,0,412
9,해외대,0,1,0,0,0,0,0,0,0,416
9,해외대,1,0,0,0,0,0,0,0,0,418
9,해외대,1,0,0,0,0,1,0,0,0,419
9,해외대,2,0,2,0,0,0,1,0,0,420
9,해외대,0,1,1,1,0,1,1,1,0,421
10,강원대,0,0,0,0,0,0,1,0,0,436
10,건국대,0,0,1,1,0,1,0,0,0,437
10,경북대,0,1,0,0,0,0,0,0,0,438
10,경찰대,2,0,0,1,0,0,0,0,0,439
10,경희대,0,0,0,1,0,0,1,0,0,440
10,고려대,7,9,13,10,8,0,9,6,0,441
10,광운대,0,0,0,0,0,1,0,1,0,442
10,국민대,0,0,0,1,1,1,1,1,0,443
10,단국대,0,0,0,0,0,0,0,1,0,444
10,동국대,0,0,1,0,0,0,1,0,0,445
10,부산대,1,1,0,1,1,0,0,0,0,446
10,서강대,3,0,0,0,0,4,1,1,0,447
10,서울대,11,25,13,14,9,13,14,14,0,448
10,서울시립대,13,8,6,5,14,5,11,9,0,449
10,성균관대,3,1,6,2,3,3,0,1,0,450
10,숙명여대,0,0,0,1,0,1,0,1,0,451
10,아주대,2,0,0,0,1,0,0,0,0,452
10,연세대,2,3,7,8,10,9,10,8,0,453
10,원광대,0,0,0,1,0,0,0,0,0,454
10,이화여대,1,2,2,0,1,6,2,2,0,455
10,인천대,1,1,0,0,0,0,0,1,0,456
10,인하대,0,0,0,1,0,1,0,0,0,457
10,중앙대,0,2,0,2,0,0,0,0,0,458
10,충남대,1,0,0,0,0,1,0,0,0,459
9,해외대,0,0,1,0,0,0,0,1,0,422
10,학점은행,0,0,0,0,0,1,0,0,0,461
10,한국외대,0,0,0,1,1,0,1,0,0,462
10,한동대,0,0,0,0,0,0,0,2,0,463
10,한양대,1,1,0,3,0,3,3,2,0,464
10,홍익대,0,0,0,0,0,0,0,2,0,465
9,해외대,0,1,0,0,1,0,0,0,0,423
11,가톨릭대,0,0,0,1,0,0,0,1,0,467
11,건국대,0,1,3,0,1,1,1,0,0,468
11,경북대,3,1,2,0,1,0,0,0,0,469
11,경인교대,0,0,0,0,1,0,0,0,0,470
11,경찰대,1,0,0,0,0,1,3,4,0,471
11,경희대,0,2,4,3,1,1,1,2,0,472
11,고려대,12,16,14,19,6,5,8,4,0,473
11,대구교대,1,0,0,0,0,0,0,0,0,474
11,단국대,0,0,0,0,0,0,0,1,0,475
11,동국대,0,1,0,0,0,0,0,0,0,476
11,명지대,0,0,1,0,0,0,0,0,0,477
11,부산교대,0,0,1,0,0,0,0,0,0,478
11,부산대,0,1,3,1,2,1,0,1,0,479
11,상명대,1,0,0,0,0,0,0,0,0,480
11,서강대,4,3,4,2,2,1,1,5,0,481
11,서울교대,1,0,0,0,0,0,0,0,0,482
11,서울대,50,38,16,30,31,26,31,34,0,483
11,서울시립대,1,1,1,2,0,2,0,1,0,484
11,성균관대,18,19,27,36,63,64,51,38,0,485
11,성신여대,0,0,0,0,0,0,0,1,0,486
11,세종대,0,0,1,0,0,0,0,0,0,487
11,숙명여대,0,0,2,0,0,1,0,0,0,488
11,아주대,1,1,2,0,0,0,0,0,0,489
11,연세대,8,18,12,12,7,7,16,14,0,490
11,영남대,1,0,0,1,0,0,0,0,0,491
11,원광대,0,0,1,0,0,0,0,0,0,492
11,육군사관학교,0,0,0,2,0,0,0,0,0,493
11,이화여대,1,2,11,0,2,4,4,3,0,494
11,인하대,0,0,1,0,0,0,0,0,0,495
11,전남대,0,1,0,1,0,0,0,0,0,496
11,제주대,0,0,1,0,0,0,0,0,0,497
11,중앙대,0,2,2,2,1,2,2,4,0,498
11,춘천교대,0,1,0,0,0,0,0,0,0,499
11,충남대,0,1,1,0,0,0,0,0,0,500
11,포항공대,4,1,0,0,1,2,0,0,0,501
11,학점은행,0,0,0,0,1,0,1,0,0,502
9,해외대,1,0,0,0,0,0,0,0,0,424
11,한국외대,2,3,5,4,1,0,1,1,0,504
11,한동대,0,1,2,0,1,0,0,1,0,505
11,한양대,1,2,5,0,1,3,0,4,0,506
11,해군사관학교,0,0,0,0,0,1,0,0,0,507
11,홍익대,0,0,0,0,1,0,0,0,0,508
9,해외대,0,1,1,0,0,0,0,0,0,425
9,해외대,0,1,0,0,0,1,1,0,0,426
9,해외대,0,0,0,1,0,0,0,1,0,427
9,해외대,0,0,0,1,1,1,0,0,0,428
9,해외대,0,0,1,0,0,0,0,0,0,429
9,해외대,1,0,0,0,0,0,0,0,0,430
9,해외대,0,0,1,0,0,0,0,0,0,431
9,해외대,0,0,0,0,1,0,0,0,0,432
9,해외대,0,0,0,0,0,1,0,0,0,433
9,해외대,0,0,0,0,0,1,0,0,0,434
9,해외대,0,0,0,0,0,0,0,1,0,435
9,해외대,0,0,0,0,0,0,0,0,4,1340
10,카이스트,0,0,1,0,1,0,0,1,0,460
10,해외대,0,0,0,0,1,0,0,0,0,466
11,카이스트,10,4,1,3,1,0,3,2,0,503
11,해외대,0,0,0,0,1,0,1,1,0,509
11,해외대,0,0,0,1,0,0,2,0,0,510
11,해외대,0,0,1,0,0,0,0,0,0,511
11,해외대,0,0,0,1,0,0,0,0,0,512
12,건국대,1,0,0,0,1,0,0,0,0,528
12,경북대,0,1,0,0,0,0,0,0,0,529
12,경상대,0,1,0,0,0,0,0,0,0,530
12,경찰대,1,0,1,1,0,2,0,0,0,531
12,경희대,1,0,0,1,2,2,0,2,0,532
12,고려대,7,11,10,7,9,10,14,7,0,533
12,공주교대,0,0,0,0,1,0,0,0,0,534
12,광운대,0,0,0,0,1,0,0,0,0,535
12,국민대,0,0,0,0,1,0,0,1,0,536
12,단국대,0,0,1,0,0,0,0,0,0,537
12,대구한의대,0,0,0,0,1,0,0,0,0,538
12,동국대,0,0,0,0,0,0,0,1,0,539
12,명지대,0,0,0,0,0,0,0,1,0,540
12,서강대,4,3,6,7,6,2,5,5,0,541
12,서울대,7,8,4,12,7,10,11,10,0,542
12,서울시립대,1,0,0,0,0,0,1,0,0,543
12,서울여대,1,0,0,0,0,0,0,0,0,544
12,성균관대,1,4,6,6,4,3,4,5,0,545
12,세종대,0,0,0,0,0,0,0,1,0,546
12,숙명여대,1,1,0,1,1,0,1,1,0,547
12,아주대,2,4,6,4,3,5,4,4,0,548
12,연세대,11,9,8,8,6,9,4,6,0,549
12,영남대,0,1,0,0,0,0,0,0,0,550
12,울산대,1,0,0,0,0,0,0,0,0,551
12,원광대,1,0,0,1,0,1,0,0,0,552
12,원광디지털대,0,0,0,0,0,0,0,1,0,553
12,육군사관학교,0,0,1,0,0,0,0,0,0,554
12,이화여대,2,7,2,3,7,0,3,0,0,555
12,인천대,0,0,1,0,0,0,0,0,0,556
12,인하대,1,0,0,0,0,0,0,1,0,557
12,제주대,0,0,1,0,0,0,0,0,0,558
12,조선대,0,0,1,0,0,0,0,0,0,559
12,중앙대,2,0,2,0,0,1,0,3,0,560
11,해외대,0,0,0,1,0,0,0,0,0,513
12,한국교원대,0,0,0,0,0,0,0,1,0,562
12,한국외대,2,0,1,0,0,1,0,0,0,563
12,한동대,1,0,0,0,0,0,0,0,0,564
12,한양대,2,2,3,3,2,3,4,2,0,565
12,홍익대,0,1,1,1,1,0,0,1,0,566
11,해외대,0,0,0,1,0,0,0,0,0,514
11,해외대,0,1,0,0,0,0,0,0,0,515
13,서울시립대,0,1,0,1,0,2,0,0,0,569
13,성균관대,0,1,0,3,1,0,1,1,0,570
13,순천향대,0,0,0,0,0,0,1,0,0,571
13,숙명여대,1,0,1,1,0,0,0,0,0,572
13,아주대,0,0,1,0,0,0,0,0,0,573
13,연세대,66,62,69,59,63,71,67,71,0,574
13,이화여대,2,6,6,2,2,1,2,0,0,575
13,전남대,0,1,0,1,0,0,0,0,0,576
13,중앙대,0,0,1,0,0,0,0,0,0,577
13,충남대,0,1,0,0,0,0,0,0,0,578
13,포항공대,0,2,2,2,3,2,0,1,0,579
13,학점은행,0,0,0,1,0,0,1,0,0,580
11,해외대,0,1,0,0,0,0,0,0,0,516
13,한국방통대,0,0,0,0,0,0,1,0,0,582
13,한국외대,1,0,1,0,0,1,1,0,0,583
13,한동대,0,0,0,0,2,0,0,0,0,584
13,한양대,1,0,1,1,5,2,2,6,0,585
13,홍익대,0,0,0,0,0,0,0,1,0,586
11,해외대,0,0,0,1,0,0,0,0,0,517
11,해외대,0,1,0,0,0,0,0,0,0,518
11,해외대,0,0,0,0,0,1,0,0,0,519
11,해외대,0,0,0,0,0,1,0,0,0,520
11,해외대,0,0,0,0,0,1,0,0,0,521
11,해외대,0,0,0,0,0,0,0,1,0,522
11,해외대,0,0,0,0,0,0,0,1,0,523
11,해외대,0,0,0,0,0,0,0,1,0,524
11,해외대,0,0,0,0,0,0,0,1,0,525
11,해외대,0,0,0,0,0,0,0,1,0,526
11,해외대,0,0,0,0,0,0,0,1,0,527
11,카이스트,0,0,0,0,0,0,0,0,1,1371
11,해외대,0,0,0,0,0,0,0,0,1,1374
12,카이스트,0,1,0,0,0,1,0,0,0,561
12,해외대,0,0,0,0,0,0,0,2,0,567
12,해외대,0,0,0,0,0,1,0,0,0,568
13,가톨릭대,0,0,0,0,1,0,0,0,0,603
13,건국대,0,0,0,0,0,0,1,0,0,604
13,경찰대,1,1,3,0,1,3,2,2,0,605
13,경희대,0,2,1,1,0,0,0,0,0,606
13,국민대,0,0,0,0,0,0,0,1,0,607
13,고려대,0,6,5,13,4,5,3,5,0,608
13,서강대,0,1,1,1,2,0,0,3,0,609
13,서울교대,0,0,0,0,1,0,0,0,0,610
13,서울대,39,32,31,25,31,36,40,29,0,611
14,건국대,2,0,0,2,0,1,2,0,0,612
14,경북대,7,1,3,4,7,4,2,1,0,613
14,경인교대,0,0,0,1,0,1,0,0,0,614
14,경찰대,0,0,0,0,0,0,0,1,0,615
14,경희대,5,5,2,4,4,4,3,3,0,616
14,계명대,1,0,1,0,2,0,0,0,0,617
14,고려대,6,11,14,16,10,8,6,10,0,618
14,광운대,1,0,0,0,0,1,0,0,0,619
14,단국대,0,0,0,1,0,0,2,1,0,620
14,덕성여대,0,0,0,0,0,1,0,0,0,621
14,대구대,0,0,0,0,1,0,0,0,0,622
14,독학사,0,0,1,1,1,0,1,0,0,623
14,동국대,0,1,1,1,1,2,0,3,0,624
14,동아대,0,0,0,1,1,0,0,1,0,625
14,부산대,2,1,1,4,3,2,5,2,0,626
14,삼육대,0,1,0,0,0,0,0,0,0,627
14,서강대,2,1,3,1,0,0,0,1,0,628
14,서울대,5,17,10,11,8,5,5,8,0,629
14,서울시립대,1,0,1,0,1,1,2,1,0,630
14,성균관대,5,7,5,5,6,13,1,8,0,631
14,숙명여대,1,0,1,1,0,0,1,0,0,632
14,숭실대,0,1,0,1,2,0,0,0,0,633
14,아주대,0,0,0,0,0,1,0,1,0,634
14,연세대,7,8,6,2,7,6,5,4,0,635
14,영남대,4,2,9,3,4,5,8,3,0,636
14,영산대,1,0,0,0,0,0,0,0,0,637
14,원광대,1,2,1,0,0,0,1,0,0,638
14,이화여대,2,2,4,1,1,1,3,5,0,639
14,인천대,0,0,0,0,0,0,1,0,0,640
14,인하대,1,0,0,0,0,1,4,0,0,641
14,장로회신학대,0,0,0,1,0,0,0,0,0,642
14,전남대,1,0,1,0,0,0,2,3,0,643
14,전북대,0,1,0,0,0,0,0,2,0,644
14,제주대,0,0,0,0,0,0,1,0,0,645
14,조선대,0,0,1,0,0,0,0,0,0,646
14,중앙대,1,2,2,1,2,1,3,3,0,647
14,충남대,1,1,0,0,1,0,4,0,0,648
14,학점은행,0,0,0,1,1,0,2,1,0,649
12,해외대,0,0,0,0,0,0,0,0,2,1395
14,한국방통대,0,0,0,0,0,0,0,1,0,651
14,한국외대,3,1,3,4,4,8,1,2,0,652
14,한동대,0,0,0,0,0,0,2,1,0,653
14,한양대,9,8,5,4,5,4,3,4,0,654
14,홍익대,0,1,0,1,0,1,0,0,0,655
13,카이스트,7,8,3,3,1,1,2,3,0,581
15,가천대,0,0,0,0,1,0,0,0,0,657
15,가톨릭대,0,0,0,0,0,1,1,0,0,658
15,강원대,0,0,0,1,0,0,0,0,0,659
15,건국대,3,1,1,3,0,4,4,5,0,660
15,경기대,0,1,0,0,0,1,0,0,0,661
15,경남대,0,0,0,0,1,0,0,1,0,662
15,경북대,0,2,4,0,0,2,0,0,0,663
15,경상대,0,0,0,1,0,0,0,0,0,664
15,경찰대,0,0,0,0,1,0,1,0,0,665
15,경희대,2,5,2,4,2,4,7,1,0,666
15,계명대,0,0,0,0,0,1,0,0,0,667
15,고려대,10,5,7,4,9,1,1,3,0,668
15,광운대,0,0,0,2,1,0,0,1,0,669
15,국민대,0,1,0,3,0,0,0,1,0,670
15,단국대,0,0,1,2,0,3,1,2,0,671
15,대구가톨릭대,0,0,0,0,0,0,0,1,0,672
15,대전대,0,0,0,1,0,0,0,0,0,673
15,대진대,0,0,0,0,0,0,0,1,0,674
15,덕성여대,0,0,0,0,0,1,0,0,0,675
15,동국대,0,0,0,1,0,0,3,3,0,676
15,동덕여대,1,0,0,0,0,0,0,0,0,677
15,동아대,0,0,0,0,1,2,0,0,0,678
15,명지대,0,0,1,1,1,0,1,0,0,679
15,목원대,1,0,0,0,0,0,0,0,0,680
15,목포해양대,0,0,0,0,0,1,0,0,0,681
15,부경대,0,0,0,0,0,1,0,1,0,682
15,부산대,1,4,2,2,1,3,1,1,0,683
15,부산외대,0,0,0,0,0,0,1,1,0,684
15,상명대,0,0,0,0,0,0,0,1,0,685
15,서강대,3,0,2,0,2,1,4,0,0,686
15,서울대,6,1,4,2,1,3,3,0,0,687
15,서울시립대,1,1,1,0,3,1,0,2,0,688
15,성공회대,0,0,0,0,0,1,0,0,0,689
15,성균관대,4,0,4,5,4,3,4,1,0,690
15,성신여대,0,0,0,1,0,1,1,1,0,691
15,세종대,0,0,0,2,0,0,0,0,0,692
15,수원대,0,0,0,0,0,0,0,1,0,693
15,숙명여대,2,3,1,1,0,0,0,3,0,694
15,순천향대,1,0,0,0,0,0,0,0,0,695
15,숭실대,0,2,2,0,1,0,1,0,0,696
15,아주대,0,1,0,2,1,0,1,4,0,697
15,연세대,6,3,2,3,7,2,2,2,0,698
15,영남대,0,1,4,1,1,0,0,0,0,699
15,우석대,0,1,0,0,0,0,0,0,0,700
15,원광대,3,6,5,6,5,5,3,1,0,701
15,을지대,0,0,0,0,0,1,0,0,0,702
15,이화여대,5,9,4,2,0,3,4,1,0,703
15,인제대,0,0,0,0,0,0,2,0,0,704
15,인천대,0,0,0,1,0,0,0,0,0,705
15,인하대,0,0,0,0,0,1,0,0,0,706
15,전남대,1,1,0,0,0,0,4,2,0,707
15,전북대,0,0,0,2,0,3,5,4,0,708
15,전주교대,0,0,1,0,0,0,0,0,0,709
15,제주대,0,1,0,0,0,0,0,0,0,710
15,조선대,0,0,0,2,0,0,1,1,0,711
15,중앙대,3,3,4,2,4,0,0,3,0,712
15,천안대,0,0,0,0,1,0,0,0,0,713
15,청주교대,0,0,0,0,1,0,0,0,0,714
15,충남대,2,1,1,0,2,0,0,0,0,715
15,충북대,1,0,0,0,0,1,0,0,0,716
15,학점은행,0,1,1,0,1,3,2,2,0,717
15,한국교원대,0,1,0,0,0,0,0,0,0,718
15,한국외대,3,4,2,1,1,0,4,3,0,719
15,한국항공대,0,0,0,0,2,0,0,0,0,720
15,한동대,0,0,0,0,0,0,0,1,0,721
15,한성대,0,0,1,0,0,0,0,0,0,722
15,한양대,1,4,5,4,7,7,2,4,0,723
15,홍익대,0,2,1,1,3,1,0,3,0,724
16,건국대,0,0,0,0,1,0,2,1,0,725
16,경희대,0,1,0,0,1,1,0,0,0,726
16,고려대,9,8,13,16,18,16,20,18,0,727
16,동아대,0,0,0,0,0,0,0,1,0,728
16,부산대,0,0,0,0,0,1,0,0,0,729
16,서강대,0,0,0,0,0,0,2,2,0,730
16,서울교대,0,0,0,0,0,1,0,0,0,731
16,서울대,24,31,24,15,17,13,17,14,0,732
16,서울시립대,0,1,0,0,1,0,0,1,0,733
16,성균관대,1,3,1,1,2,0,1,1,0,734
16,숙명여대,0,0,0,0,1,1,2,0,0,735
16,숭실대,0,0,0,0,0,1,0,0,0,736
16,아주대,0,0,1,0,0,1,0,0,0,737
16,연세대,10,19,16,23,26,18,17,22,0,738
16,원광대,1,0,0,0,0,0,0,0,0,739
16,이화여대,49,36,39,51,25,41,29,33,0,740
16,전남대,1,0,0,0,0,0,0,0,0,741
16,중앙대,0,0,0,0,1,0,1,1,0,742
16,포항공대,1,0,0,0,0,0,0,0,0,743
13,해외대,0,0,0,1,0,0,0,0,0,587
16,한국외대,0,0,0,0,1,2,0,1,0,745
16,한양대,0,0,4,2,5,4,1,3,0,746
13,해외대,1,0,0,0,0,0,0,0,0,588
13,해외대,0,0,0,1,0,0,0,0,0,589
16,미네소타대,0,0,0,0,0,0,0,1,0,749
13,해외대,0,0,0,1,1,0,0,0,0,590
13,해외대,0,0,0,2,2,1,1,2,0,591
17,가톨릭대,0,0,0,0,0,0,0,1,0,752
17,강원대,0,0,0,0,0,1,0,0,0,753
17,건국대,0,1,0,0,3,1,0,1,0,754
17,경인교대,0,0,0,0,0,1,0,0,0,755
17,경찰대,1,0,0,0,0,0,1,1,0,756
17,경희대,0,1,1,1,2,1,0,0,0,757
17,계명대,0,0,0,0,0,0,1,0,0,758
17,고려대,12,13,5,12,7,10,9,6,0,759
17,국민대,0,1,0,1,0,0,0,0,0,760
17,단국대,0,0,0,0,1,0,1,0,0,761
17,동국대,0,0,1,1,0,0,1,0,0,762
17,동아대,0,0,0,0,0,0,0,1,0,763
17,상명대,0,0,1,0,1,0,0,0,0,764
17,상지대,0,0,0,0,1,0,0,0,0,765
17,서강대,2,0,0,1,2,4,4,2,0,766
17,서울대,12,10,2,6,5,10,8,7,0,767
17,서울시립대,0,0,1,0,1,0,1,0,0,768
17,성균관대,4,2,8,4,2,1,3,3,0,769
17,숙명여대,0,0,0,1,3,1,1,1,0,770
17,순천대,0,0,0,0,1,0,0,0,0,771
17,숭실대,0,0,0,0,0,0,1,1,0,772
17,연세대,6,8,6,9,5,9,7,8,0,773
17,원광대,0,2,0,0,0,0,0,0,0,774
17,이화여대,3,3,5,4,8,3,3,5,0,775
17,인천대,0,0,0,0,0,0,1,0,0,776
17,인하대,1,7,9,5,4,2,2,4,0,777
17,전북대,0,0,2,0,0,0,0,0,0,778
17,중앙대,2,0,1,2,0,0,0,1,0,779
17,충남대,0,0,0,0,0,0,0,1,0,780
17,포항공대,0,0,1,0,0,0,0,0,0,781
13,해외대,0,0,0,1,0,0,1,0,0,592
17,학점은행,0,1,0,0,0,0,0,1,0,783
17,한국방통대,0,0,0,1,0,0,0,0,0,784
17,한국외대,2,0,0,1,0,2,0,0,0,785
17,한국항공대,0,0,1,0,0,0,0,0,0,786
17,한동대,0,0,1,1,0,0,0,1,0,787
17,한양대,4,4,5,2,4,4,3,3,0,788
17,홍익대,0,0,0,0,3,0,2,4,0,789
13,해외대,0,0,0,1,0,0,0,0,0,593
13,해외대,0,0,0,1,1,0,0,1,0,594
13,해외대,1,0,0,0,1,0,0,0,0,595
13,해외대,0,1,0,0,0,0,0,0,0,596
13,해외대,0,0,1,0,0,0,0,0,0,597
13,해외대,0,0,0,0,1,0,0,0,0,598
13,해외대,0,0,0,0,1,0,0,0,0,599
13,해외대,0,0,0,0,1,0,0,0,0,600
13,해외대,0,0,0,0,0,0,0,1,0,601
13,해외대,0,0,0,0,0,0,1,0,0,602
13,해외대,0,0,0,0,0,0,0,1,0,1666
13,해외대,0,0,0,0,0,0,0,1,0,1667
13,해외대,0,0,0,0,0,0,0,0,1,1703
13,해외대,0,0,0,0,0,0,0,0,1,1704
13,해외대,0,0,0,0,0,0,0,0,1,1705
13,카이스트,0,0,0,0,0,0,0,0,3,1711
14,카이스트,0,1,0,0,1,0,1,0,0,650
18,가천대,0,0,1,0,0,0,0,1,0,807
18,가톨릭대,0,0,0,0,0,0,1,0,0,808
18,건국대,0,1,2,3,0,3,2,4,0,809
14,해외대,1,0,0,0,0,0,0,0,0,656
18,경북대,0,1,1,2,1,0,0,0,0,811
18,경상대,0,0,0,0,0,0,0,1,0,812
18,경인교대,0,1,1,0,0,0,0,0,0,813
18,경찰대,2,1,1,0,0,0,2,0,0,814
18,경희대,2,6,8,6,9,9,3,7,0,815
18,고려대,11,10,12,7,14,10,9,8,0,816
18,광운대,0,0,0,0,0,1,0,0,0,817
18,국민대,0,0,1,3,0,0,0,1,0,818
18,단국대,0,1,1,1,1,0,1,2,0,819
18,덕성여대,0,0,1,0,0,0,1,0,0,820
18,동국대,2,1,3,0,3,2,2,3,0,821
18,동아대,0,0,0,0,1,0,0,0,0,822
18,명지대,0,0,0,0,0,0,1,0,0,823
18,목포대,0,0,0,1,0,0,0,0,0,824
18,목포해양대,0,0,0,0,0,1,0,0,0,825
18,배재대,0,0,0,0,0,0,1,1,0,826
18,부경대,0,0,0,0,0,1,0,0,0,827
18,부산대,0,1,0,0,0,1,1,1,0,828
14,해외대,0,0,0,0,0,0,0,0,1,1422
18,삼육대,1,0,0,0,0,0,0,0,0,830
18,서강대,4,5,3,3,2,3,0,7,0,831
18,서울교대,0,0,1,0,1,0,0,1,0,832
18,서울대,8,9,5,8,11,11,10,7,0,833
18,서울시립대,1,4,0,1,1,3,1,3,0,834
18,성공회대,0,0,1,0,0,0,1,0,0,835
18,성균관대,6,11,9,8,10,8,11,10,0,836
18,성신여대,0,0,0,0,0,1,0,0,0,837
18,수원대,0,0,0,1,0,0,0,0,0,838
18,숙명여대,2,2,0,1,2,3,5,5,0,839
18,순천대,0,0,0,0,0,0,1,1,0,840
18,순천향대,0,1,0,0,0,0,0,0,0,841
18,숭실대,0,0,4,0,1,0,2,2,0,842
18,아주대,2,2,1,0,1,0,0,1,0,843
18,연세대,14,20,6,10,8,10,5,7,0,844
18,영남대,0,0,0,0,1,0,0,0,0,845
18,영산대,0,0,0,0,0,0,1,0,0,846
18,울산과기대,0,0,0,0,0,0,0,1,0,847
18,원광대,2,0,0,2,1,0,0,0,0,848
18,육군사관학교,0,1,0,1,0,0,0,0,0,849
18,이화여대,6,16,8,11,5,9,9,10,0,850
18,인천대,0,0,0,0,0,0,0,1,0,851
18,인하대,0,2,0,3,0,1,0,0,0,852
18,전남대,35,18,33,27,27,26,24,18,0,853
18,전북대,1,0,2,1,2,3,1,1,0,854
18,제주대,0,0,0,0,0,0,0,1,0,855
18,조선대,1,1,0,6,2,2,2,4,0,856
18,중앙대,4,3,3,5,1,3,2,2,0,857
18,총신대,1,0,0,0,0,0,0,0,0,858
18,충남대,0,0,1,0,1,0,0,0,0,859
18,충북대,0,0,1,0,0,0,0,0,0,860
18,학점은행,0,0,0,0,0,0,0,1,0,861
18,포항공대,1,0,0,0,0,0,0,0,0,862
18,한국교원대,0,0,1,0,1,0,0,0,0,863
18,한국방통대,0,2,2,0,0,2,0,0,0,864
18,한국외대,4,2,7,3,2,1,6,7,0,865
18,한국항공대,0,0,0,0,0,2,0,0,0,866
18,한국해양대,0,0,0,1,0,0,0,0,0,867
18,한동대,0,0,0,0,2,0,4,2,0,868
18,한성대,0,0,0,0,0,1,0,0,0,869
18,한양대,8,4,8,6,9,6,11,7,0,870
18,홍익대,1,0,3,2,0,1,3,2,0,871
19,가천대,0,0,0,0,1,0,1,0,0,872
19,가톨릭대,0,0,0,0,3,1,0,0,0,873
19,강원대,1,0,0,1,0,0,1,0,0,874
19,건국대,0,2,0,1,0,1,2,2,0,875
19,경북대,1,0,0,1,0,1,0,0,0,876
19,경찰대,0,0,0,0,0,1,5,0,0,877
19,경희대,2,6,3,4,5,6,5,3,0,878
19,고려대,9,7,4,5,3,10,6,3,0,879
19,광운대,0,0,0,0,0,0,0,1,0,880
19,광주교대,1,0,0,0,0,0,0,0,0,881
19,국민대,0,0,1,0,0,0,0,2,0,882
19,군산대,0,0,0,0,0,0,0,2,0,883
19,단국대,1,0,1,0,0,1,2,2,0,884
19,대구가톨릭대,0,0,0,0,0,0,1,0,0,885
19,대구대,0,0,0,0,1,0,0,0,0,886
19,덕성여대,0,0,0,1,0,0,0,0,0,887
19,동국대,0,0,0,1,2,0,0,2,0,888
19,동아대,0,0,0,0,0,1,0,0,0,889
19,동양대,0,0,0,0,0,0,0,1,0,890
19,명지대,0,0,0,0,0,1,0,0,0,891
19,목포해양대,0,0,0,0,0,1,0,0,0,892
19,부경대,0,0,1,1,0,0,1,0,0,893
19,부산대,1,0,0,0,1,1,1,0,0,894
19,상명대,0,0,1,0,0,0,1,0,0,895
19,서강대,4,6,1,1,0,4,2,3,0,896
19,서울대,9,7,2,1,2,5,3,5,0,897
19,서울시립대,0,1,2,3,1,3,1,1,0,898
19,서울여대,0,1,0,1,1,0,1,0,0,899
19,성공회대,0,0,0,0,1,0,1,0,0,900
19,성균관대,7,6,4,3,4,2,6,6,0,901
19,성신여대,0,0,0,0,0,1,0,1,0,902
19,세종대,0,0,0,0,0,1,0,0,0,903
19,숙명여대,0,0,2,0,2,2,5,3,0,904
19,숭실대,0,0,0,1,1,1,0,0,0,905
19,아주대,0,1,0,0,0,0,0,2,0,906
19,연세대,12,7,6,14,6,6,0,6,0,907
19,영남대,0,0,0,1,1,0,0,0,0,908
19,영산대,0,0,0,0,0,0,1,0,0,909
19,우석대,0,0,0,1,0,0,0,0,0,910
19,원광대,0,0,0,1,1,0,2,0,0,911
19,이화여대,4,4,11,8,3,2,3,4,0,912
19,인하대,0,2,1,1,0,2,2,0,0,913
19,전남대,1,1,0,0,2,0,2,0,0,914
19,전북대,8,10,9,15,17,11,6,9,0,915
19,전주교대,0,0,0,1,3,0,0,0,0,916
19,전주대,0,0,1,0,0,0,0,0,0,917
19,조선대,0,0,1,0,1,1,3,2,0,918
19,중앙대,4,1,7,3,6,5,3,4,0,919
19,청주대,0,0,0,0,0,0,1,0,0,920
19,충남대,1,2,0,0,0,0,0,1,0,921
19,충북대,0,0,0,0,0,1,0,1,0,922
19,학점은행,1,1,1,0,0,0,1,1,0,923
15,해외대,0,0,0,0,0,0,0,0,1,1449
19,한국방통대,1,0,0,0,0,0,1,0,0,925
19,한국외대,3,8,8,3,1,3,1,4,0,926
19,한동대,0,0,1,0,2,2,0,1,0,927
19,한림대,0,0,0,0,0,0,1,0,0,928
19,한양대,3,5,6,2,7,5,8,5,0,929
19,해군사관학교,0,0,0,1,0,0,0,0,0,930
19,홍익대,2,1,2,3,5,1,2,1,0,931
16,카이스트,4,2,0,1,0,0,0,1,0,744
19,전기통신대(일),0,0,1,0,0,0,0,0,0,933
16,해외대,0,0,0,0,0,0,0,1,0,747
16,해외대,0,0,0,0,0,0,0,1,0,748
19,인민대,0,0,1,1,0,0,0,0,0,936
16,해외대,0,0,0,0,0,0,0,1,0,750
16,해외대,0,2,3,0,5,3,8,0,0,751
16,해외대,0,0,0,0,0,0,0,0,1,1678
16,해외대,0,0,0,0,0,0,0,0,1,1683
16,해외대,0,0,0,0,0,0,0,0,1,1684
16,해외대,0,0,0,0,0,0,0,0,1,1685
20,가톨릭대,0,1,3,0,0,0,0,0,0,943
20,강원대,0,0,0,0,1,0,0,1,0,944
20,건국대,1,0,2,2,1,0,0,0,0,945
20,경북대,0,1,1,0,0,0,0,0,0,946
20,가천대,0,0,0,0,0,1,0,1,0,947
20,경찰대,1,0,0,0,0,0,1,0,0,948
20,경희대,1,3,3,1,0,7,9,1,0,949
20,고려대,6,5,4,4,3,8,3,2,0,950
20,광운대,0,0,1,0,0,0,0,1,0,951
20,국민대,0,0,0,1,0,0,0,1,0,952
20,글로벌사이버대,0,0,0,0,0,0,1,0,0,953
20,단국대,0,0,0,0,0,1,0,1,0,954
20,대구가톨릭대,0,0,0,0,1,0,0,0,0,955
20,대구교대,0,1,0,1,0,0,0,0,0,956
20,대구외대,0,0,0,0,0,0,1,0,0,957
20,덕성여대,0,0,1,0,0,0,1,1,0,958
20,동국대,0,0,0,0,1,0,1,1,0,959
20,동덕여대,0,0,0,0,0,0,0,1,0,960
20,목포해양대,0,1,0,0,0,0,0,0,0,961
20,명지대,0,0,0,0,0,0,1,0,0,962
20,백석대,0,0,0,1,0,0,0,0,0,963
20,부경대,0,0,1,0,1,0,0,0,0,964
20,부산대,1,0,0,0,2,1,2,1,0,965
20,상지대,0,0,1,0,0,0,0,0,0,966
20,서강대,0,0,0,1,0,0,0,1,0,967
20,서울과기대,0,0,0,0,0,0,1,0,0,968
20,서울대,6,2,1,4,2,4,1,1,0,969
20,서울디지털대,1,0,0,0,0,0,0,0,0,970
20,서울시립대,4,1,0,0,2,0,0,1,0,971
20,성균관대,2,2,2,2,3,3,2,4,0,972
20,성신여대,0,0,0,0,0,0,1,1,0,973
20,숙명여대,1,1,0,3,0,1,0,3,0,974
20,숭실대,0,0,1,0,2,0,0,0,0,975
20,아주대,0,3,1,2,1,2,0,0,0,976
20,연세대,3,3,3,4,2,0,6,2,0,977
20,영남대,0,1,2,1,0,0,0,0,0,978
20,원광대,1,2,1,0,0,0,0,0,0,979
20,이화여대,3,1,2,1,1,3,2,4,0,980
20,인제대,0,0,1,0,0,0,0,1,0,981
20,전남대,2,1,1,1,0,1,1,0,0,982
20,제주교대,0,0,0,0,0,0,1,0,0,983
20,제주대,0,4,4,2,3,3,1,4,0,984
20,조선대,1,0,1,1,0,0,0,0,0,985
20,중앙대,0,3,0,0,3,0,0,3,0,986
20,충북대,0,0,0,0,0,1,0,1,0,987
20,포항공대,0,1,0,0,0,0,0,0,0,988
20,학점은행,0,0,1,1,0,1,0,0,0,989
20,한국교원대,1,0,0,0,0,0,0,0,0,990
20,한국방통대,0,0,0,0,0,0,1,0,0,991
20,한국외대,2,2,1,3,1,3,1,2,0,992
20,한국해양대,0,0,0,0,1,0,0,0,0,993
20,한동대,1,0,0,2,0,0,0,1,0,994
20,한세대,0,0,0,0,0,0,1,0,0,995
20,한양대,0,2,3,2,4,0,1,1,0,996
20,홍익대,0,1,1,0,0,0,0,0,0,997
16,해외대,0,0,0,0,0,0,0,0,1,1686
16,해외대,0,0,0,0,0,0,0,0,1,1688
17,카이스트,0,1,0,1,0,0,1,0,0,782
20,복강대,0,0,0,0,0,0,0,1,0,1001
17,해외대,1,0,0,0,0,0,0,0,0,790
17,해외대,0,0,0,0,1,0,0,0,0,791
17,해외대,0,0,0,0,1,0,0,0,0,792
17,해외대,0,0,0,0,0,1,0,0,0,793
17,해외대,0,0,0,0,0,1,0,0,0,794
17,해외대,0,0,0,0,0,0,0,1,0,795
21,건국대,1,4,0,0,0,2,1,0,0,1008
21,경북대,0,1,0,0,1,0,0,0,0,1009
21,경찰대,1,1,0,0,0,1,0,0,0,1010
21,경희대,0,1,0,0,0,1,0,0,0,1011
21,고려대,10,3,9,14,10,5,11,9,0,1012
21,단국대,1,0,0,0,0,0,0,0,0,1013
21,서강대,1,0,0,3,1,1,0,0,1,1014
21,서경대,0,0,0,1,0,0,0,0,0,1015
21,서울대,12,15,3,8,4,9,6,8,0,1016
21,서울여대,0,0,0,0,1,0,0,0,0,1017
21,성균관대,2,2,3,0,1,6,3,3,0,1018
21,숙명여대,1,0,0,0,0,2,0,0,2,1019
21,연세대,4,6,7,15,17,6,14,12,0,1020
21,이화여대,3,7,4,2,3,5,4,3,0,1021
21,전남대,1,0,0,0,0,0,0,0,0,1022
21,중앙대,11,12,20,5,10,14,12,15,0,1023
21,충북대,0,0,1,0,0,0,0,0,0,1024
17,해외대,0,0,0,0,0,1,0,0,0,796
21,한국외대,1,0,0,0,2,0,1,0,1,1026
21,한양대,1,0,5,1,2,0,0,1,1,1027
17,해외대,0,0,0,0,0,0,0,0,3,1473
18,해외대,0,0,0,0,1,0,0,0,0,797
18,해외대,0,1,0,0,0,0,0,0,0,798
22,가천대,0,0,0,0,0,0,1,2,0,1031
22,가톨릭대,0,0,0,1,1,2,0,1,0,1032
22,감리신학대,0,0,0,0,0,0,0,1,0,1033
22,강원대,1,0,0,1,0,0,0,0,0,1034
22,건국대,1,2,3,1,0,3,1,2,0,1035
22,경북대,1,2,1,1,0,0,0,0,0,1036
22,경상대,0,0,1,0,0,0,0,0,0,1037
22,경인교대,0,0,0,0,0,1,0,0,0,1038
22,경찰대,1,0,1,0,0,1,1,0,0,1039
22,경희대,0,0,3,2,6,11,6,5,0,1040
22,계명대,0,0,0,1,0,0,0,0,0,1041
22,고려대,16,11,11,11,14,7,10,13,0,1042
22,공군사관학교,0,0,0,0,0,1,1,0,0,1043
22,공주대,0,0,0,0,0,0,0,1,0,1044
22,공주교대,0,0,0,0,1,0,0,0,0,1045
22,광운대,0,0,0,0,2,0,0,0,0,1046
22,국민대,0,0,1,1,0,1,2,1,0,1047
22,금강대,0,0,0,0,1,0,0,0,0,1048
22,대구교대,0,0,0,1,0,0,0,0,0,1049
22,독학사,0,0,1,0,0,0,0,0,0,1050
22,동국대,1,1,3,2,0,2,2,4,0,1051
22,동덕여대,0,0,1,0,0,0,0,0,0,1052
22,동아대,0,0,0,1,1,1,1,2,0,1053
22,동의대,0,1,0,0,0,0,0,0,0,1054
22,부경대,0,0,0,1,0,0,0,0,0,1055
22,부산대,1,0,1,0,0,1,0,0,0,1056
22,상명대,0,0,0,0,0,1,0,0,0,1057
22,서강대,8,9,4,2,3,6,3,4,0,1058
22,서울교대,0,1,0,0,0,0,0,0,0,1059
22,서울대,19,12,11,5,10,6,10,6,0,1060
22,서울시립대,4,2,2,2,0,1,3,2,0,1061
22,서울여대,0,1,0,0,0,0,0,0,0,1062
22,선문대,0,0,0,0,0,0,0,1,0,1063
22,성공회대,0,0,0,0,0,0,1,0,0,1064
22,성균관대,5,7,8,2,8,8,9,7,0,1065
22,성신여대,0,0,0,0,1,0,0,0,0,1066
22,세종대,0,0,1,1,1,0,0,0,0,1067
22,숙명여대,0,0,2,4,3,3,0,4,0,1068
22,숭실대,0,1,3,0,2,1,1,0,0,1069
22,아주대,0,3,1,1,2,1,1,0,0,1070
22,안양대,0,0,0,1,0,0,0,0,0,1071
22,연세대,6,12,8,11,10,13,5,8,0,1072
22,영남대,0,0,0,0,1,1,0,0,0,1073
22,영산대,0,0,0,1,0,0,0,0,0,1074
22,원광대,0,1,0,0,1,0,0,1,0,1075
22,육군사관학교,0,1,0,0,0,1,0,0,0,1076
22,을지의과대 ,0,0,0,0,0,1,0,0,0,1077
22,이화여대,5,10,8,10,6,9,8,4,0,1078
22,인하대,0,1,1,0,2,2,0,1,0,1079
22,전남대,0,0,0,1,0,0,1,1,0,1080
22,전북대,0,0,0,1,1,0,0,0,0,1081
22,제주대,0,0,1,0,0,0,1,0,0,1082
22,조선대,0,1,0,0,0,0,0,0,0,1083
22,중앙대,2,2,4,7,2,1,2,0,0,1084
22,춘천교대,1,0,0,0,0,0,0,0,0,1085
22,충남대,10,8,7,10,9,2,13,15,0,1086
22,충북대,1,2,3,0,1,0,1,0,0,1087
22,포항공대,3,0,0,1,0,1,0,1,0,1088
22,학점은행,0,1,0,2,0,0,0,1,0,1089
18,해외대,0,1,0,0,0,0,0,0,0,799
22,한국교원대,0,0,1,1,0,0,0,0,0,1091
22,한국기술교육대,0,0,0,0,0,1,0,0,0,1092
22,한국외대,0,2,5,5,1,4,0,4,0,1093
22,한국항공대,1,0,0,1,0,0,0,0,0,1094
22,한국해양대,0,0,1,0,0,0,0,0,0,1095
22,한동대,0,0,2,2,1,1,3,1,0,1096
22,한양대,5,5,5,4,10,11,13,9,0,1097
22,호서대,0,0,0,0,0,0,1,1,0,1098
22,홍익대,1,4,0,2,2,0,2,2,0,1099
18,해외대,0,0,0,0,1,0,1,0,0,800
18,해외대,0,0,0,0,0,1,0,0,0,801
18,해외대,0,0,0,0,0,1,0,0,0,802
18,해외대,0,0,0,0,1,0,0,0,0,803
23,가톨릭대,1,1,0,1,1,3,0,0,0,1104
23,건국대,1,2,3,2,1,2,1,0,0,1105
23,경기대,0,0,0,1,0,0,0,1,0,1106
23,경북대,0,0,0,0,1,0,1,0,0,1107
23,경성대,0,1,0,0,0,0,0,0,0,1108
23,경찰대,1,1,1,0,0,1,0,0,0,1109
23,경희대,3,3,3,4,1,5,5,4,0,1110
23,고려대,12,8,12,8,5,9,2,1,0,1111
23,공군사관학교,0,1,0,0,0,0,0,0,0,1112
23,광운대,0,0,0,0,1,0,0,0,0,1113
23,국민대,0,0,1,2,4,1,2,1,0,1114
23,단국대,0,0,0,0,2,0,2,2,0,1115
23,대구대,0,0,0,0,1,0,0,0,0,1116
23,대전대,0,0,0,0,0,0,1,1,0,1117
23,덕성여대,0,0,0,0,0,0,1,1,0,1118
23,동국대,1,0,3,2,3,1,3,2,0,1119
23,동아대,0,0,0,0,1,0,0,0,0,1120
23,명지대,0,0,0,0,0,0,1,0,0,1121
23,부산교대,0,0,0,1,0,0,0,0,0,1122
23,부산대,1,0,1,1,0,3,1,1,0,1123
23,상명대,0,1,0,0,0,0,0,0,0,1124
23,서강대,2,1,1,1,1,0,2,1,0,1125
23,서울대,3,11,2,1,4,3,2,2,0,1126
23,서울시립대,1,1,0,2,3,0,0,2,0,1127
23,성균관대,5,4,5,2,6,4,2,6,0,1128
23,성신여대,0,0,2,0,2,0,1,1,0,1129
23,세종대,0,0,0,0,0,1,0,0,0,1130
23,숙명여대,0,2,1,3,3,2,5,8,0,1131
23,숭실대,0,0,0,2,0,0,2,0,0,1132
23,숭실사이버대,0,0,0,0,0,0,1,0,0,1133
23,신라대,0,0,0,0,1,0,0,0,0,1134
23,아주대,1,0,1,2,1,1,3,0,0,1135
23,연세대,10,6,7,2,5,5,4,1,0,1136
23,영남대,0,0,0,0,1,0,0,1,0,1137
23,원광대,0,1,0,0,0,0,0,0,0,1138
23,우석대,0,0,0,0,0,0,0,1,0,1139
23,육군사관학교,2,0,1,0,0,0,0,0,0,1140
23,이화여대,4,10,4,0,6,12,6,8,0,1141
23,인제대,0,0,0,1,0,0,0,0,0,1142
23,인천대,0,0,0,1,0,0,0,0,0,1143
23,인하대,2,1,2,10,0,2,0,0,0,1144
23,전남대,0,0,1,0,1,0,0,0,0,1145
23,전북대,0,0,0,0,0,0,0,1,0,1146
23,중앙대,2,2,1,3,2,1,3,2,0,1147
23,청주교대,0,0,0,1,0,0,0,0,0,1148
23,충남대,1,0,1,3,2,2,2,4,0,1149
23,충북대,6,5,10,7,3,5,7,1,0,1150
23,포항공대,0,0,0,1,0,0,0,0,0,1151
18,해외대,0,0,0,0,0,1,0,0,0,804
23,학점은행,2,1,0,1,0,0,0,0,0,1153
23,한국외대,2,2,5,6,3,3,3,4,0,1154
23,한국항공대,0,0,0,1,0,0,0,0,0,1155
23,한남대,0,0,0,0,1,0,0,0,0,1156
23,한동대,0,0,0,0,2,2,0,1,0,1157
23,한밭대,0,0,0,0,0,0,0,1,0,1158
23,한성대,0,1,0,0,0,0,0,0,0,1159
23,한양대,4,3,5,5,7,6,6,4,0,1160
23,홍익대,2,1,0,0,2,1,4,7,0,1161
18,해외대,0,0,0,0,1,0,0,0,0,805
18,해외대,0,0,0,0,0,1,0,0,0,806
18,해외대,0,0,0,0,0,0,1,0,0,810
18,해외대,0,0,0,0,0,0,0,1,0,829
19,카이스트,1,0,0,0,0,0,0,0,0,924
19,해외대,0,0,0,1,0,0,0,0,0,932
19,해외대,0,0,1,0,0,0,0,0,0,934
19,해외대,0,1,1,1,0,1,0,0,0,935
19,해외대,0,1,0,0,0,0,0,0,0,937
24,건국대,0,1,1,0,0,0,1,0,0,1171
24,경북대,0,0,1,1,0,0,0,0,0,1172
24,경원대,0,0,0,0,0,0,0,0,0,1173
24,경찰대,0,0,0,0,1,1,0,2,0,1174
24,경희대,2,0,1,2,1,0,0,1,0,1175
24,고려대,10,11,10,6,10,18,8,12,0,1176
24,단국대,0,0,0,0,0,0,0,0,0,1177
24,대구가톨릭대,0,0,0,0,0,1,0,0,0,1178
24,동국대,0,0,0,0,0,0,0,1,0,1179
24,부산대,0,0,1,2,0,0,0,0,0,1180
19,해외대,0,0,0,1,0,0,0,0,0,938
24,상명대,0,0,0,0,0,0,1,0,0,1182
24,서강대,1,1,0,0,0,0,0,0,0,1183
24,서울교대,0,0,0,0,1,0,0,0,0,1184
24,서울대,7,7,4,4,6,10,10,11,0,1185
24,서울시립대,0,0,1,1,1,1,0,0,0,1186
24,성균관대,1,3,4,2,2,1,0,3,0,1187
24,성신여대,0,0,0,1,0,0,0,0,0,1188
24,숙명여대,0,1,1,1,0,0,0,0,0,1189
24,숭실대,0,0,0,1,0,0,0,0,0,1190
24,연세대,8,6,8,1,8,5,10,7,0,1191
24,육군사관학교,0,0,0,0,0,1,0,0,0,1192
24,이화여대,4,6,4,3,4,0,1,1,0,1193
24,인하대,0,0,0,1,0,0,0,0,0,1194
24,전남대,0,0,0,0,0,1,0,0,0,1195
24,전북대,1,0,0,1,0,0,0,0,0,1196
24,중앙대,0,1,0,2,0,0,0,0,0,1197
24,학점은행,0,0,0,0,0,0,0,0,0,1198
24,한국과학기술원,0,0,0,0,0,0,0,0,0,1199
24,한국방통대,0,0,0,0,0,1,0,0,0,1200
24,한국외대,11,13,16,17,14,6,15,13,0,1201
24,한국정보통신대,1,0,0,0,0,0,0,0,0,1202
24,한국항공대,0,0,0,0,0,1,0,0,0,1203
24,한양대,1,3,2,4,1,2,6,1,0,1204
24,홍익대,0,0,1,0,1,0,0,0,0,1205
25,경북대,0,0,1,0,1,0,0,0,0,1206
25,경찰대,0,3,0,0,2,1,0,0,0,1207
25,경희대,0,0,1,0,0,0,0,0,0,1208
25,고려대,13,18,32,27,26,17,14,15,0,1209
25,국민대,0,0,0,0,0,0,1,0,0,1210
25,명지대,0,0,0,0,0,0,1,0,0,1211
25,부산대,0,1,0,0,1,0,0,0,0,1212
25,서강대,0,1,1,4,2,1,4,1,0,1213
25,서울대,44,37,27,21,15,35,21,31,0,1214
25,성균관대,0,0,1,1,2,0,1,0,0,1215
25,세종대,0,0,0,1,0,0,0,0,0,1216
25,연세대,18,19,17,14,17,20,31,21,0,1217
25,이화여대,0,3,4,6,7,4,6,3,0,1218
25,인하대,0,0,0,0,0,1,0,0,0,1219
25,전북대,0,0,1,0,0,0,0,0,0,1220
25,충북대,0,0,0,0,0,0,1,0,0,1221
25,포항공대,1,0,0,1,0,0,1,1,0,1222
19,해외대,0,1,0,0,0,0,0,0,0,939
25,한국외대,1,0,0,1,0,0,1,0,0,1224
25,한동대,1,0,2,0,1,0,1,35,0,1225
25,한양대,19,17,17,26,31,23,24,0,0,1226
19,해외대,1,0,0,0,0,0,0,0,0,940
19,해외대,1,0,0,0,0,0,0,0,0,941
19,해외대,0,0,0,0,0,0,1,4,0,942
19,해외대,0,0,0,0,0,0,0,0,1,1529
20,해외대,1,0,0,0,0,0,1,0,0,998
20,해외대,0,0,0,0,2,0,1,0,0,999
20,해외대,0,0,0,0,1,0,1,0,0,1000
3,고려대,0,0,0,0,0,0,0,0,24,1234
3,경북대,0,0,0,0,0,0,0,0,17,1235
3,이화여대,0,0,0,0,0,0,0,0,16,1236
3,한양대,0,0,0,0,0,0,0,0,12,1237
3,연세대,0,0,0,0,0,0,0,0,10,1238
3,서울대,0,0,0,0,0,0,0,0,9,1239
3,성균관대,0,0,0,0,0,0,0,0,6,1240
3,경찰대,0,0,0,0,0,0,0,0,6,1241
3,중앙대,0,0,0,0,0,0,0,0,5,1242
3,서강대,0,0,0,0,0,0,0,0,5,1243
3,영남대,0,0,0,0,0,0,0,0,4,1244
3,한동대,0,0,0,0,0,0,0,0,3,1245
3,한국외대,0,0,0,0,0,0,0,0,2,1246
3,경희대,0,0,0,0,0,0,0,0,2,1247
3,대구가톨릭대,0,0,0,0,0,0,0,0,1,1248
3,동국대,0,0,0,0,0,0,0,0,1,1249
3,동덕여대,0,0,0,0,0,0,0,0,1,1250
3,동아대,0,0,0,0,0,0,0,0,1,1251
3,숙명여대,0,0,0,0,0,0,0,0,1,1252
3,포항공대,0,0,0,0,0,0,0,0,1,1253
3,홍익대,0,0,0,0,0,0,0,0,1,1254
4,경찰대,0,0,0,0,0,0,0,0,1,1255
4,경희대,0,0,0,0,0,0,0,0,12,1256
4,고려대,0,0,0,0,0,0,0,0,13,1257
4,단국대,0,0,0,0,0,0,0,0,1,1258
4,동국대,0,0,0,0,0,0,0,0,4,1259
4,서울대,0,0,0,0,0,0,0,0,12,1260
4,성균관대,0,0,0,0,0,0,0,0,1,1261
4,성신여대,0,0,0,0,0,0,0,0,1,1262
4,세종대,0,0,0,0,0,0,0,0,1,1263
4,숙명여대,0,0,0,0,0,0,0,0,6,1264
4,연세대,0,0,0,0,0,0,0,0,3,1265
4,이화여대,0,0,0,0,0,0,0,0,2,1266
4,한국항공대,0,0,0,0,0,0,0,0,1,1267
4,한양대,0,0,0,0,0,0,0,0,6,1268
4,홍익대,0,0,0,0,0,0,0,0,2,1269
20,해외대,0,0,0,1,0,0,0,0,0,1002
20,해외대,0,1,0,0,0,0,0,0,0,1003
20,해외대,0,0,0,0,1,0,0,0,0,1004
20,해외대,0,0,0,0,1,0,0,0,0,1005
20,해외대,0,0,0,0,0,0,1,0,0,1006
20,해외대,0,0,0,0,0,0,0,1,0,1007
20,해외대,0,0,0,0,0,0,0,0,2,1557
21,카이스트,0,1,0,4,2,1,0,0,1,1025
6,가천대,0,0,0,0,0,0,0,0,1,1278
6,건국대,0,0,0,0,0,0,0,0,1,1279
6,경희대,0,0,0,0,0,0,0,0,5,1280
6,고려대,0,0,0,0,0,0,0,0,7,1281
6,국민대,0,0,0,0,0,0,0,0,1,1282
6,단국대,0,0,0,0,0,0,0,0,1,1283
6,대외경제무역대학교,0,0,0,0,0,0,0,0,1,1284
6,동국대,0,0,0,0,0,0,0,0,1,1285
6,동아대,0,0,0,0,0,0,0,0,8,1286
6,홍익대,0,0,0,0,0,0,0,0,1,1287
6,부산대,0,0,0,0,0,0,0,0,4,1288
6,서강대,0,0,0,0,0,0,0,0,2,1289
6,서울대,0,0,0,0,0,0,0,0,1,1290
6,성균관대,0,0,0,0,0,0,0,0,4,1291
6,성신여대,0,0,0,0,0,0,0,0,1,1292
6,숙명여대,0,0,0,0,0,0,0,0,3,1293
6,아주대,0,0,0,0,0,0,0,0,1,1294
6,연세대,0,0,0,0,0,0,0,0,5,1295
6,울산과기대,0,0,0,0,0,0,0,0,1,1296
6,울산대,0,0,0,0,0,0,0,0,3,1297
6,이화여대,0,0,0,0,0,0,0,0,7,1298
21,해외대,0,0,0,0,0,0,0,1,0,1028
6,중앙대,0,0,0,0,0,0,0,0,2,1300
6,충남대,0,0,0,0,0,0,0,0,1,1301
6,한국외대,0,0,0,0,0,0,0,0,4,1302
6,한국항공대,0,0,0,0,0,0,0,0,1,1303
6,한양대,0,0,0,0,0,0,0,0,4,1304
7,건국대,0,0,0,0,0,0,0,0,1,1305
7,경희대,0,0,0,0,0,0,0,0,1,1306
7,고려대,0,0,0,0,0,0,0,0,23,1307
7,공군사관학교,0,0,0,0,0,0,0,0,1,1308
7,동아대,0,0,0,0,0,0,0,0,2,1309
7,부경대,0,0,0,0,0,0,0,0,1,1310
7,부산교대,0,0,0,0,0,0,0,0,1,1311
7,부산대,0,0,0,0,0,0,0,0,21,1312
7,서강대,0,0,0,0,0,0,0,0,4,1313
7,서울대,0,0,0,0,0,0,0,0,14,1314
7,서울시립대,0,0,0,0,0,0,0,0,1,1315
7,성균관대,0,0,0,0,0,0,0,0,8,1316
21,해외대,0,0,0,0,0,1,0,0,0,1029
7,연세대,0,0,0,0,0,0,0,0,24,1318
7,영남대,0,0,0,0,0,0,0,0,1,1319
7,울산과학기술원,0,0,0,0,0,0,0,0,1,1320
7,이화여대,0,0,0,0,0,0,0,0,8,1321
7,전남대,0,0,0,0,0,0,0,0,1,1322
7,중앙대,0,0,0,0,0,0,0,0,1,1323
7,충남대,0,0,0,0,0,0,0,0,1,1324
7,한국과학기술원,0,0,0,0,0,0,0,0,2,1325
7,한국외대,0,0,0,0,0,0,0,0,1,1326
7,한국항공대,0,0,0,0,0,0,0,0,1,1327
7,한국해양대,0,0,0,0,0,0,0,0,1,1328
7,한양대,0,0,0,0,0,0,0,0,10,1329
9,건국대,0,0,0,0,0,0,0,0,1,1330
9,경찰대,0,0,0,0,0,0,0,0,1,1331
9,고려대,0,0,0,0,0,0,0,0,17,1332
9,서강대,0,0,0,0,0,0,0,0,1,1333
9,서울대,0,0,0,0,0,0,0,0,97,1334
9,성균관대,0,0,0,0,0,0,0,0,4,1335
9,연세대,0,0,0,0,0,0,0,0,20,1336
9,중앙대,0,0,0,0,0,0,0,0,1,1337
9,한국과학기술원,0,0,0,0,0,0,0,0,2,1338
9,한양대,0,0,0,0,0,0,0,0,3,1339
21,해외대,0,0,0,0,0,0,0,1,0,1030
10,고려대,0,0,0,0,0,0,0,0,10,1341
10,국민대,0,0,0,0,0,0,0,0,1,1342
10,동국대,0,0,0,0,0,0,0,0,2,1343
10,부산대,0,0,0,0,0,0,0,0,1,1344
10,서강대,0,0,0,0,0,0,0,0,5,1345
10,서울대,0,0,0,0,0,0,0,0,4,1346
10,서울시립대,0,0,0,0,0,0,0,0,8,1347
10,성균관대,0,0,0,0,0,0,0,0,1,1348
10,숙명여대,0,0,0,0,0,0,0,0,2,1349
10,숭실대,0,0,0,0,0,0,0,0,1,1350
10,연세대,0,0,0,0,0,0,0,0,6,1351
10,이화여대,0,0,0,0,0,0,0,0,3,1352
10,인천대,0,0,0,0,0,0,0,0,1,1353
10,중앙대,0,0,0,0,0,0,0,0,1,1354
10,한국외대,0,0,0,0,0,0,0,0,1,1355
10,한동대,0,0,0,0,0,0,0,0,3,1356
10,한양대,0,0,0,0,0,0,0,0,4,1357
11,경희대,0,0,0,0,0,0,0,0,1,1358
11,고려대,0,0,0,0,0,0,0,0,7,1359
11,국립경찰대학,0,0,0,0,0,0,0,0,1,1360
11,동국대,0,0,0,0,0,0,0,0,2,1361
11,부산대,0,0,0,0,0,0,0,0,1,1362
11,서강대,0,0,0,0,0,0,0,0,5,1363
11,서울대,0,0,0,0,0,0,0,0,29,1364
11,서울시립대,0,0,0,0,0,0,0,0,2,1365
11,성균관대,0,0,0,0,0,0,0,0,45,1366
11,연세대,0,0,0,0,0,0,0,0,17,1367
11,이화여대,0,0,0,0,0,0,0,0,6,1368
11,전남대,0,0,0,0,0,0,0,0,1,1369
11,중앙대,0,0,0,0,0,0,0,0,4,1370
21,해외대,0,0,0,0,0,0,0,0,0,1558
11,한국외대,0,0,0,0,0,0,0,0,2,1372
11,한국항공대,0,0,0,0,0,0,0,0,1,1373
21,해외대,0,0,0,0,0,0,0,0,0,1560
12,가천대,0,0,0,0,0,0,0,0,1,1375
12,건국대,0,0,0,0,0,0,0,0,1,1376
12,경찰대,0,0,0,0,0,0,0,0,1,1377
12,경희대,0,0,0,0,0,0,0,0,2,1378
12,고려대,0,0,0,0,0,0,0,0,7,1379
12,동국대,0,0,0,0,0,0,0,0,1,1380
12,동아대,0,0,0,0,0,0,0,0,1,1381
12,서강대,0,0,0,0,0,0,0,0,1,1382
12,서울대,0,0,0,0,0,0,0,0,6,1383
12,성균관대,0,0,0,0,0,0,0,0,4,1384
12,숙명여대,0,0,0,0,0,0,0,0,1,1385
12,아주대,0,0,0,0,0,0,0,0,6,1386
12,연세대,0,0,0,0,0,0,0,0,7,1387
12,이화여대,0,0,0,0,0,0,0,0,2,1388
12,인천대,0,0,0,0,0,0,0,0,1,1389
12,중앙대,0,0,0,0,0,0,0,0,2,1390
12,한국외대,0,0,0,0,0,0,0,0,1,1391
12,한양대,0,0,0,0,0,0,0,0,5,1392
12,홍익대,0,0,0,0,0,0,0,0,1,1393
12,기타4년제 대학,0,0,0,0,0,0,0,0,2,1394
22,카이스트,6,1,0,0,2,0,1,1,0,1090
14,건국대,0,0,0,0,0,0,0,0,3,1396
14,경북대,0,0,0,0,0,0,0,0,3,1397
14,경상대,0,0,0,0,0,0,0,0,1,1398
14,경희대,0,0,0,0,0,0,0,0,1,1399
14,고려대,0,0,0,0,0,0,0,0,7,1400
14,국민대,0,0,0,0,0,0,0,0,3,1401
14,단국대,0,0,0,0,0,0,0,0,2,1402
14,동국대,0,0,0,0,0,0,0,0,1,1403
14,부산대,0,0,0,0,0,0,0,0,1,1404
14,서강대,0,0,0,0,0,0,0,0,3,1405
14,서울대,0,0,0,0,0,0,0,0,8,1406
14,서울시립대,0,0,0,0,0,0,0,0,2,1407
14,성균관대,0,0,0,0,0,0,0,0,4,1408
14,성신여대,0,0,0,0,0,0,0,0,1,1409
14,숙명여대,0,0,0,0,0,0,0,0,1,1410
14,아주대,0,0,0,0,0,0,0,0,1,1411
14,연세대,0,0,0,0,0,0,0,0,8,1412
14,영남대,0,0,0,0,0,0,0,0,4,1413
14,이화여대,0,0,0,0,0,0,0,0,3,1414
14,전남대,0,0,0,0,0,0,0,0,1,1415
14,전북대,0,0,0,0,0,0,0,0,1,1416
14,중앙대,0,0,0,0,0,0,0,0,2,1417
14,충북대,0,0,0,0,0,0,0,0,1,1418
14,포항공대,0,0,0,0,0,0,0,0,1,1419
14,한국외대,0,0,0,0,0,0,0,0,1,1420
14,한양대,0,0,0,0,0,0,0,0,6,1421
22,해외대,1,0,0,0,0,0,0,0,0,1100
15,건국대,0,0,0,0,0,0,0,0,4,1423
15,경기대,0,0,0,0,0,0,0,0,1,1424
15,경희대,0,0,0,0,0,0,0,0,1,1425
15,고려대,0,0,0,0,0,0,0,0,2,1426
15,광운대,0,0,0,0,0,0,0,0,2,1427
15,학점은행,0,0,0,0,0,0,0,0,1,1428
15,동국대,0,0,0,0,0,0,0,0,2,1429
15,부산대,0,0,0,0,0,0,0,0,1,1430
15,서강대,0,0,0,0,0,0,0,0,3,1431
15,서울대,0,0,0,0,0,0,0,0,1,1432
15,수원대,0,0,0,0,0,0,0,0,1,1433
15,숭실대,0,0,0,0,0,0,0,0,2,1434
15,아주대,0,0,0,0,0,0,0,0,1,1435
15,연세대,0,0,0,0,0,0,0,0,4,1436
15,원광대,0,0,0,0,0,0,0,0,4,1437
15,이화여대,0,0,0,0,0,0,0,0,2,1438
15,인하대,0,0,0,0,0,0,0,0,2,1439
15,전남대,0,0,0,0,0,0,0,0,3,1440
15,전북대,0,0,0,0,0,0,0,0,2,1441
15,조선대,0,0,0,0,0,0,0,0,2,1442
15,중앙대,0,0,0,0,0,0,0,0,3,1443
15,한국방통대,0,0,0,0,0,0,0,0,1,1444
15,한국외대,0,0,0,0,0,0,0,0,6,1445
15,한국해양대,0,0,0,0,0,0,0,0,1,1446
15,한양대,0,0,0,0,0,0,0,0,3,1447
15,홍익대,0,0,0,0,0,0,0,0,2,1448
22,해외대,0,1,0,0,0,0,0,0,0,1101
17,가톨릭대,0,0,0,0,0,0,0,0,1,1450
17,건국대,0,0,0,0,0,0,0,0,1,1451
17,고려대,0,0,0,0,0,0,0,0,4,1452
17,단국대,0,0,0,0,0,0,0,0,1,1453
17,동국대,0,0,0,0,0,0,0,0,1,1454
17,부산대,0,0,0,0,0,0,0,0,1,1455
17,서강대,0,0,0,0,0,0,0,0,1,1456
17,서경대,0,0,0,0,0,0,0,0,1,1457
17,서울대,0,0,0,0,0,0,0,0,4,1458
17,서울시립대,0,0,0,0,0,0,0,0,2,1459
17,성균관대,0,0,0,0,0,0,0,0,4,1460
17,성신여대,0,0,0,0,0,0,0,0,2,1461
17,숭실대,0,0,0,0,0,0,0,0,3,1462
17,아주대,0,0,0,0,0,0,0,0,1,1463
17,연세대,0,0,0,0,0,0,0,0,2,1464
17,이화여대,0,0,0,0,0,0,0,0,5,1465
17,인천대,0,0,0,0,0,0,0,0,1,1466
17,인하대,0,0,0,0,0,0,0,0,6,1467
17,중앙대,0,0,0,0,0,0,0,0,1,1468
17,한국항공대,0,0,0,0,0,0,0,0,2,1469
17,한동대,0,0,0,0,0,0,0,0,1,1470
17,한양대,0,0,0,0,0,0,0,0,3,1471
17,홍익대,0,0,0,0,0,0,0,0,4,1472
22,해외대,0,0,0,1,0,0,0,0,0,1102
18,건국대,0,0,0,0,0,0,0,0,1,1474
18,경기대,0,0,0,0,0,0,0,0,1,1475
18,경상대,0,0,0,0,0,0,0,0,1,1476
18,경희대,0,0,0,0,0,0,0,0,6,1477
18,고려대,0,0,0,0,0,0,0,0,7,1478
18,광운대,0,0,0,0,0,0,0,0,2,1479
18,국민대,0,0,0,0,0,0,0,0,4,1480
18,금강대,0,0,0,0,0,0,0,0,1,1481
18,덕성여대,0,0,0,0,0,0,0,0,1,1482
18,동국대,0,0,0,0,0,0,0,0,3,1483
18,명지대,0,0,0,0,0,0,0,0,1,1484
18,부산대,0,0,0,0,0,0,0,0,1,1485
18,서강대,0,0,0,0,0,0,0,0,4,1486
18,서울대,0,0,0,0,0,0,0,0,4,1487
18,성균관대,0,0,0,0,0,0,0,0,13,1488
18,성신여대,0,0,0,0,0,0,0,0,1,1489
18,숙명여대,0,0,0,0,0,0,0,0,4,1490
18,숭실대,0,0,0,0,0,0,0,0,1,1491
18,연세대,0,0,0,0,0,0,0,0,9,1492
18,영산대,0,0,0,0,0,0,0,0,1,1493
18,이화여대,0,0,0,0,0,0,0,0,11,1494
18,전남대,0,0,0,0,0,0,0,0,18,1495
18,전남대(여수),0,0,0,0,0,0,0,0,1,1496
18,조선대,0,0,0,0,0,0,0,0,7,1497
18,중앙대,0,0,0,0,0,0,0,0,2,1498
18,한국외대,0,0,0,0,0,0,0,0,6,1499
18,한동대,0,0,0,0,0,0,0,0,4,1500
18,한양대,0,0,0,0,0,0,0,0,2,1501
18,홍익대,0,0,0,0,0,0,0,0,8,1502
19,아주대,0,0,0,0,0,0,0,0,1,1503
19,한국항공대,0,0,0,0,0,0,0,0,1,1504
19,한동대,0,0,0,0,0,0,0,0,1,1505
19,전남대,0,0,0,0,0,0,0,0,2,1506
19,경북대,0,0,0,0,0,0,0,0,2,1507
19,부산대,0,0,0,0,0,0,0,0,1,1508
19,가톨릭대,0,0,0,0,0,0,0,0,1,1509
19,건국대,0,0,0,0,0,0,0,0,1,1510
19,경희대,0,0,0,0,0,0,0,0,4,1511
19,고려대,0,0,0,0,0,0,0,0,7,1512
19,국민대,0,0,0,0,0,0,0,0,3,1513
19,국가평생교육진흥원,0,0,0,0,0,0,0,0,2,1514
19,단국대,0,0,0,0,0,0,0,0,5,1515
19,덕성여대,0,0,0,0,0,0,0,0,1,1516
19,동국대,0,0,0,0,0,0,0,0,1,1517
19,서울대,0,0,0,0,0,0,0,0,1,1518
19,서울시립대,0,0,0,0,0,0,0,0,1,1519
19,성균관대,0,0,0,0,0,0,0,0,6,1520
19,숙명여대,0,0,0,0,0,0,0,0,4,1521
19,숭실대,0,0,0,0,0,0,0,0,1,1522
19,연세대,0,0,0,0,0,0,0,0,2,1523
19,이화여대,0,0,0,0,0,0,0,0,5,1524
19,중앙대,0,0,0,0,0,0,0,0,2,1525
19,한국외대,0,0,0,0,0,0,0,0,5,1526
19,한양대,0,0,0,0,0,0,0,0,2,1527
19,홍익대,0,0,0,0,0,0,0,0,2,1528
22,해외대,0,0,1,0,0,0,0,0,0,1103
19,원광대,0,0,0,0,0,0,0,0,2,1530
19,전북대,0,0,0,0,0,0,0,0,12,1531
19,서강대,0,0,0,0,0,0,0,0,1,1532
20,가톨릭대,0,0,0,0,0,0,0,0,1,1533
20,경북대,0,0,0,0,0,0,0,0,2,1534
20,고려대,0,0,0,0,0,0,0,0,3,1535
20,국민대,0,0,0,0,0,0,0,0,2,1536
20,덕성여대,0,0,0,0,0,0,0,0,1,1537
20,동국대,0,0,0,0,0,0,0,0,1,1538
20,동아대,0,0,0,0,0,0,0,0,1,1539
20,동의대,0,0,0,0,0,0,0,0,1,1540
20,부산대,0,0,0,0,0,0,0,0,1,1541
20,서강대,0,0,0,0,0,0,0,0,1,1542
20,서울시립대,0,0,0,0,0,0,0,0,1,1543
20,성균관대,0,0,0,0,0,0,0,0,1,1544
20,성신여대,0,0,0,0,0,0,0,0,3,1545
20,숙명여대,0,0,0,0,0,0,0,0,1,1546
20,숭실대,0,0,0,0,0,0,0,0,1,1547
20,영남대,0,0,0,0,0,0,0,0,1,1548
20,영산대,0,0,0,0,0,0,0,0,1,1549
20,인제대,0,0,0,0,0,0,0,0,2,1550
20,인하대,0,0,0,0,0,0,0,0,2,1551
20,제주대,0,0,0,0,0,0,0,0,4,1552
20,한국방통대,0,0,0,0,0,0,0,0,1,1553
20,한국외대,0,0,0,0,0,0,0,0,3,1554
20,한국항공대,0,0,0,0,0,0,0,0,1,1555
20,한양대,0,0,0,0,0,0,0,0,2,1556
22,해외대,0,0,0,0,0,0,0,0,1,1567
22,해외대,0,0,0,0,0,0,0,0,1,1597
21,고려대,0,0,0,0,0,0,0,0,8,1559
23,카이스트,0,0,0,0,0,0,1,0,0,1152
21,서울대,0,0,0,0,0,0,0,0,3,1561
21,성균관대,0,0,0,0,0,0,0,0,7,1562
21,연세대,0,0,0,0,0,0,0,0,5,1563
21,이화여대,0,0,0,0,0,0,0,0,5,1564
21,중앙대,0,0,0,0,0,0,0,0,17,1565
21,한양대,0,0,0,0,0,0,0,0,1,1566
23,해외대,1,0,0,0,0,0,0,0,0,1162
22,가톨릭대,0,0,0,0,0,0,0,0,1,1568
22,건국대,0,0,0,0,0,0,0,0,2,1569
22,경기대,0,0,0,0,0,0,0,0,1,1570
22,경희대,0,0,0,0,0,0,0,0,6,1571
22,고려대,0,0,0,0,0,0,0,0,6,1572
22,공군사관학교,0,0,0,0,0,0,0,0,1,1573
22,공주교대,0,0,0,0,0,0,0,0,1,1574
22,공주대,0,0,0,0,0,0,0,0,1,1575
22,광운대,0,0,0,0,0,0,0,0,2,1576
22,국민대,0,0,0,0,0,0,0,0,1,1577
22,단국대,0,0,0,0,0,0,0,0,3,1578
22,덕성여대,0,0,0,0,0,0,0,0,1,1579
22,동아대,0,0,0,0,0,0,0,0,1,1580
22,목원대,0,0,0,0,0,0,0,0,1,1581
22,부산대,0,0,0,0,0,0,0,0,1,1582
22,한양대,0,0,0,0,0,0,0,0,2,1583
22,한양대 안산캠퍼스,0,0,0,0,0,0,0,0,1,1584
22,홍익대,0,0,0,0,0,0,0,0,7,1585
22,한동대,0,0,0,0,0,0,0,0,1,1586
22,서강대,0,0,0,0,0,0,0,0,3,1587
22,서울대,0,0,0,0,0,0,0,0,4,1588
22,성균관대,0,0,0,0,0,0,0,0,10,1589
22,성신여대,0,0,0,0,0,0,0,0,2,1590
22,숙명여대,0,0,0,0,0,0,0,0,3,1591
22,연세대,0,0,0,0,0,0,0,0,7,1592
22,연세대 원주캠퍼스,0,0,0,0,0,0,0,0,2,1593
22,이화여대,0,0,0,0,0,0,0,0,9,1594
22,인천대,0,0,0,0,0,0,0,0,2,1595
22,인하대,0,0,0,0,0,0,0,0,1,1596
23,해외대,0,1,0,0,0,0,0,0,0,1163
22,전북대,0,0,0,0,0,0,0,0,1,1598
22,중앙대,0,0,0,0,0,0,0,0,3,1599
22,청주대,0,0,0,0,0,0,0,0,1,1600
22,충남대,0,0,0,0,0,0,0,0,8,1601
22,충북대,0,0,0,0,0,0,0,0,1,1602
22,한국과학기술원,0,0,0,0,0,0,0,0,4,1603
22,한국외대,0,0,0,0,0,0,0,0,2,1604
22,한국정보통신대,0,0,0,0,0,0,0,0,1,1605
22,한남대,0,0,0,0,0,0,0,0,2,1606
23,해외대,0,0,0,0,0,0,0,1,0,1164
23,해외대,0,0,0,0,0,0,0,1,0,1165
23,해외대,0,1,0,0,0,0,0,0,0,1166
23,건국대,0,0,0,0,0,0,0,0,1,1610
23,건국대 충주캠퍼스,0,0,0,0,0,0,0,0,1,1611
23,경희대,0,0,0,0,0,0,0,0,6,1612
23,고려대,0,0,0,0,0,0,0,0,4,1613
23,고려대 세종캠퍼스,0,0,0,0,0,0,0,0,1,1614
23,국민대,0,0,0,0,0,0,0,0,3,1615
23,단국대,0,0,0,0,0,0,0,0,1,1616
23,동국대,0,0,0,0,0,0,0,0,2,1617
23,부산대,0,0,0,0,0,0,0,0,1,1618
23,서강대,0,0,0,0,0,0,0,0,2,1619
23,한양대,0,0,0,0,0,0,0,0,3,1620
23,홍익대,0,0,0,0,0,0,0,0,2,1621
23,성균관대,0,0,0,0,0,0,0,0,4,1622
23,성신여대,0,0,0,0,0,0,0,0,1,1623
23,세종대,0,0,0,0,0,0,0,0,1,1624
23,숙명여대,0,0,0,0,0,0,0,0,4,1625
23,아주대,0,0,0,0,0,0,0,0,1,1626
23,연세대,0,0,0,0,0,0,0,0,6,1627
23,영남대,0,0,0,0,0,0,0,0,1,1628
23,이화여대,0,0,0,0,0,0,0,0,7,1629
23,중앙대,0,0,0,0,0,0,0,0,3,1630
23,충남대,0,0,0,0,0,0,0,0,4,1631
23,충북대,0,0,0,0,0,0,0,0,6,1632
23,한국외대,0,0,0,0,0,0,0,0,2,1633
23,한국항공대,0,0,0,0,0,0,0,0,1,1634
23,한동대,0,0,0,0,0,0,0,0,1,1635
23,한밭대,0,0,0,0,0,0,0,0,2,1636
24,경원대,0,0,0,0,0,0,0,0,1,1637
24,경찰대,0,0,0,0,0,0,0,0,1,1638
24,고려대,0,0,0,0,0,0,0,0,8,1639
24,단국대,0,0,0,0,0,0,0,0,1,1640
24,독학사,0,0,0,0,0,0,0,0,1,1641
24,동국대,0,0,0,0,0,0,0,0,2,1642
24,서강대,0,0,0,0,0,0,0,0,3,1643
24,서울대,0,0,0,0,0,0,0,0,1,1644
24,서울시립대,0,0,0,0,0,0,0,0,1,1645
24,성균관대,0,0,0,0,0,0,0,0,4,1646
24,성신여대,0,0,0,0,0,0,0,0,1,1647
24,숭실대,0,0,0,0,0,0,0,0,1,1648
24,연세대,0,0,0,0,0,0,0,0,9,1649
24,이화여대,0,0,0,0,0,0,0,0,1,1650
24,중앙대,0,0,0,0,0,0,0,0,1,1651
24,학점은행,0,0,0,0,0,0,0,0,1,1652
24,한국과학기술원,0,0,0,0,0,0,0,0,1,1653
24,한국외대,0,0,0,0,0,0,0,0,12,1654
24,한양대,0,0,0,0,0,0,0,0,4,1655
24,홍익대,0,0,0,0,0,0,0,0,1,1656
23,해외대,0,0,0,0,0,0,0,0,1,1607
23,해외대,0,0,0,0,0,0,0,0,1,1608
8,연세대,0,0,0,0,0,0,0,0,15,1668
8,고려대,0,0,0,0,0,0,0,0,15,1669
8,서울대,0,0,0,0,0,0,0,0,6,1670
8,서강대,0,0,0,0,0,0,0,0,3,1671
8,이화여대,0,0,0,0,0,0,0,0,1,1672
8,인제대,0,0,0,0,0,0,0,0,1,1673
16,서울대,0,0,0,0,0,0,0,0,14,1674
16,연세대,0,0,0,0,0,0,0,0,21,1675
16,고려대,0,0,0,0,0,0,0,0,24,1676
16,이화여대,0,0,0,0,0,0,0,0,29,1677
23,해외대,0,0,0,0,0,0,0,0,1,1609
16,서강대,0,0,0,0,0,0,0,0,4,1679
16,경희대,0,0,0,0,0,0,0,0,1,1680
16,경찰대,0,0,0,0,0,0,0,0,1,1681
16,성균관대,0,0,0,0,0,0,0,0,1,1682
24,카이스트,1,0,0,1,0,0,0,0,0,1167
24,해외대,1,0,0,0,0,0,0,0,0,1168
24,해외대,0,0,0,0,0,1,0,0,0,1169
24,해외대,1,0,0,0,0,0,0,0,0,1170
16,건국대,0,0,0,0,0,0,0,0,1,1687
24,해외대,0,0,0,0,1,0,0,0,0,1181
16,숙명여대,0,0,0,0,0,0,0,0,2,1689
5,고려대,0,0,0,0,0,0,0,0,64,1690
5,서울대,0,0,0,0,0,0,0,0,44,1691
5,연세대,0,0,0,0,0,0,0,0,5,1692
25,카이스트,2,6,2,1,0,2,0,0,0,1223
5,한양대,0,0,0,0,0,0,0,0,2,1694
25,해외대,1,0,0,0,0,0,0,0,0,1227
25,해외대,0,0,1,0,0,0,0,0,0,1228
25,해외대,0,0,0,0,1,0,0,0,0,1229
5,이화여대,0,0,0,0,0,0,0,0,1,1698
5,포항공대,0,0,0,0,0,0,0,0,1,1699
13,서울대,0,0,0,0,0,0,0,0,44,1700
13,연세대,0,0,0,0,0,0,0,0,59,1701
13,고려대,0,0,0,0,0,0,0,0,7,1702
25,해외대,0,0,0,0,0,0,0,1,0,1230
25,해외대,0,0,0,0,0,0,0,1,0,1231
25,해외대,0,0,0,0,0,0,0,1,0,1232
13,한양대,0,0,0,0,0,0,0,0,4,1706
13,성균관대,0,0,0,0,0,0,0,0,2,1707
13,이화여대,0,0,0,0,0,0,0,0,1,1708
13,서강대,0,0,0,0,0,0,0,0,2,1709
13,홍익대,0,0,0,0,0,0,0,0,1,1710
25,해외대,0,0,0,0,0,1,0,0,0,1233
13,동국대,0,0,0,0,0,0,0,0,1,1712
13,포항공대,0,0,0,0,0,0,0,0,1,1713
13,육군사관학교,0,0,0,0,0,0,0,0,1,1714
13,경찰대,0,0,0,0,0,0,0,0,1,1715
13,경희대,0,0,0,0,0,0,0,0,1,1716
13,숙명여대,0,0,0,0,0,0,0,0,1,1717
2,홍익대,0,0,0,0,0,0,0,0,4,1718
2,고려대,0,0,0,0,0,0,0,0,2,1719
2,건국대,0,0,0,0,0,0,0,0,7,1720
2,서울대,0,0,0,0,0,0,0,0,3,1721
2,이화여대,0,0,0,0,0,0,0,0,3,1722
2,서강대,0,0,0,0,0,0,0,0,2,1723
2,육군사관학교,0,0,0,0,0,0,0,0,1,1724
2,가천대,0,0,0,0,0,0,0,0,1,1725
2,한동대,0,0,0,0,0,0,0,0,1,1726
2,연세대,0,0,0,0,0,0,0,0,3,1727
2,한국외대,0,0,0,0,0,0,0,0,1,1728
2,숙명여대,0,0,0,0,0,0,0,0,1,1729
2,독학사,0,0,0,0,0,0,0,0,1,1730
6,가천대 ,0,0,0,0,0,0,0,0,0,1732
6,건국대 ,3,0,0,1,1,1,2,0,0,1733
6,강릉원주대 ,0,0,0,0,0,0,0,1,0,1734
6,경기대 ,0,1,0,0,0,0,0,0,0,1735
6,경남대 ,0,0,0,1,1,0,0,0,0,1736
6,경북대 ,1,3,5,3,1,1,3,0,0,1737
6,정상대 ,0,0,0,1,1,0,0,0,0,1738
6,경성대 ,0,0,1,0,0,0,0,0,0,1739
6,경찰대 ,0,0,0,0,1,0,0,0,0,1740
6,경희대 ,2,4,3,4,5,2,0,2,0,1741
6,고려대 ,9,10,6,9,6,14,11,2,0,1742
6,국민대 ,0,1,0,0,2,0,0,0,0,1743
6,단국대 ,0,1,0,0,0,0,0,0,0,1744
6,대구가톨릭대,0,0,0,0,0,0,0,1,0,1745
6,대구대 ,0,0,0,0,0,1,0,0,0,1746
6,대구교대 ,0,0,0,0,0,0,1,0,0,1747
6,동국대 ,0,0,2,0,1,0,0,0,0,1748
6,동서대 ,0,0,0,0,1,0,0,0,0,1749
6,동아대,4,12,14,8,9,14,16,18,0,1750
6,동의대 ,0,0,0,0,1,0,0,0,0,1751
6,명지대 ,1,1,0,0,0,0,0,0,0,1752
6,부경대 ,0,0,0,0,1,0,0,1,0,1753
6,부산대,10,2,4,1,5,3,5,4,0,1754
6,부산외국어대 ,0,1,0,0,0,0,0,0,0,1755
6,서강대 ,0,0,4,2,0,1,2,0,0,1756
6,서울대 ,4,6,4,5,2,10,7,6,0,1757
6,서울시립대 ,2,1,0,1,0,0,0,0,0,1758
6,성균관대 ,9,4,5,5,5,7,6,9,0,1759
6,성신여대 ,0,0,0,0,2,0,0,0,0,1760
6,세명대 ,1,0,0,0,0,0,0,0,0,1761
6,세종대 ,0,0,0,0,0,0,0,1,0,1762
6,숙명여대 ,0,2,4,2,4,0,0,1,0,1763
6,숭실대 ,0,0,0,0,0,1,0,2,0,1764
6,순천대 ,0,1,0,0,0,0,0,0,0,1765
6,순천향대 ,0,0,0,1,0,0,0,0,0,1766
6,숭실대 ,0,0,0,0,2,0,0,0,0,1767
6,아주대 ,1,0,1,0,0,0,0,0,0,1768
6,연세대 ,8,7,7,8,6,6,11,7,0,1769
21,국민대,0,0,0,0,0,0,0,0,1,1770
